Game,Company,Created By,Created,Company Domain,Channels,Notes (old),Contacted,,Campaign Preview,SQL,Score,ICP,Fundraising,Team,NFT,NFT Marketplace/Contract URL,Coin,ERC20 contract URL,Blockchain,Region,Uses competitor,Project Stage,Company Founded,Roadmap URL,Twitter Created,Twitter Followers,Discord Members,Game Domain,Youtube Video URL,Twitter Tweet URL,Discord Invite URL,Discord Server ID,Q1 - Type,Q1 - Points,Q1 - Title,Q1 - Description,Q2 - Type,Q2 - Points,Q2 - Title,Q2 - Description,Q3 - Type,Q3 - Points,Q3 - Title,Q3 - Description,Q4 - Type,Q4 - Points,Q4 - Title,Q4 - Description,Q5 - Type,Q5 - Points,Q5 - Title,Q5 - Description
Iskra,Iskra,Prasanth,6/8/2023,iskra.world,email,,,,,Yes,9,Available,Raised funds,>10,Using,https://market.iskra.world/,Using,https://scope.klaytn.com/token/0x17d2628d30f8e9e966c9ba831c9b9b01ea8ea75c?tabId=tokenTransfer,Klaytn,Asia,Galxe,,,,,"86,900","114,345",https://iskra.world/,,,,,Custom,250,Pre register to Norma in Metaland on Google Play https://play.google.com/store/apps/details?id=com.grampus.cookingnormametaland&pli=1,Pre register to Norma in Metaland on Google Play https://play.google.com/store/apps/details?id=com.grampus.cookingnormametaland&pli=1,Custom,100,Watch Our Video Trailer,Points on completion of watching our Google Play trailer Link: https://www.youtube.com/watch?v=Cuft3IQ_mO8,Custom,75,Apprentice Chef,Forfill 250 orders for customers!,Custom,150,Master Chef (similar reward style to Xbox Achievement linked for game),Forfill 500 orders for customers!,,500,Flavor Wizard,Mastered the art of seasoning (50 dishes)
JustBet,JustBet,Prasanth,6/8/2023,just.bet,email,,,,,No,7,Available,No funds raised,Unknown,Not using,,Using,https://arbiscan.io/token/0xD77B108d4f6cefaa0Cae9506A934e825BEccA46E,Arbitrum,Unknown,Galxe,,,,,"47,500","5,971",,,,,,Daily,500,High Roller Hero,Struck gold in video poker and won a whopping $500! You're rolling in virtual riches now!,Daily,1000,Kingpin of Royal Flushes,"Won a round with a royal flush pair in video poker, the ultimate hand of royalty!",Daily,200,Win a 10x multiplier on Moon game,Win using a 10x multiplier on this game https://www.youtube.com/watch?v=HJ5nvD_Ufvo,Daily,100,Win a game of roulette,Proved your luck and skill by winning a game of roulette! ,1000,The JustBet Boss,"Reached an impressive milestone by achieving a total betting volume of $25,000! Your fearless wagers and strategic moves have elevated you to high roller status on our Discord.",
Hippo Dash,Gameta,Prasanth,6/8/2023,gametamashii.com,Discord Ticket,,,,,Yes,9,Available,Raised funds,>10,Using,https://opensea.io/collection/gameta-dash-hippo-club,Unknown,,BNB,Unknown,Unknown,,,,,"37,000","84,301",https://hippo-dash.com/,,,,,Social,,,,Social,,,,Social,,,,Social,,,,,,,
PLANET IX,Nibiru,Prasanth,6/9/2023,nibiru2012.it,Email (partnership) PLUS LInkedIn to Philip and Christoph,,Scheduled,,https://dashboard.thx.network/preview/64ca137d428d802ae432f95f,Yes,12,Available,Raised funds,>10,Using,https://marketplace.planetix.com/connect,Using,https://polygonscan.com/token/0xb2435253c71fca27be41206eb2793e44e1df6b6d,Polygon,North America,Galxe,,,,,"31,000","72,000",https://planetix.com/,https://www.youtube.com/watch?v=F58OURgrsac,https://twitter.com/Planetix0/status/1685862868137172994,https://discord.com/invite/planetix,842087097543163974,Custom,500,Own your own pick NFT,One time reward for metaverse land owners aka Picks,Custom,250,Trade in game assets on our marketplace,Trade in game assets on our marketplace,Custom,500,Build a facility on your pick,Build a facility on your pick,Custom,100,Watch our intro video,https://www.youtube.com/watch?v=F58OURgrsac,Custom,500,Supporting the DAO,Lock up $1000 worth of IXT by staking
Atomichub,Atomichub,Prasanth,6/9/2023,atomichub.io,Form.,NFT Marketplace.,,,,No,9,Available,No funds raised,>10,Not using,,Not using yet,,WAX,Europe,Unknown,,,,,"51,300","13,495",,,,,,,250,Buy a Funko NFT on the Atomichub marketplace!,Rewarded for buying an NFT on the Atomichub marketplace!,,50,Join our Discord,discord.gg/atomichub,,,,,,,,,,,,
AlterVerse,AlterVerse,Prasanth,6/9/2023,alterverse.com,DM CMO in TG or Discord,,Scheduled,,https://dashboard.thx.network/preview/64ca138b428d802ae432f988,Yes,10,Available,Raised funds,>10,Using,https://opensea.io/collection/alterverse,Unknown,,Polygon,North America,Galxe,,,,,"55,600","7,500",https://www.alterverse.com/,https://www.youtube.com/watch?v=WjP0CVEg90E,https://twitter.com/AlterVerseGame/status/1682502280808108032,https://discord.com/invite/yf7bCzz,343040134238961666,Custom,250,Join A Beta Weekend,Join one of the Sky City Beta playtest weekends!,Custom,200,sky shopper,Make a purchause in sky city,Daily,50,Free points for you,Free points daily exclusively for AlterVerse Lifetime Citizenship Holders ,Custom,50,New partnership,Visit a new partners storefront in sky city,Social,25,Bigger every day,Retweet our latest partnership
Tap Fantasy,Tap Fantasy,Prasanth,6/9/2023,tapfantasy.io,email,Closed,,,,No,10,Available,No funds raised,Unknown,Unknown,,Unknown,,EVM chain,Unknown,Blockheads,,,,,10000,10000,,,,,,,,,,,,,,,,,,,,,,,,,
Secondlive,Secondlive,Prasanth,6/9/2023,secondlive.world,email,,,,,Yes,9,Available,Raised funds,Unknown,Using,https://secondlive.world/marketplace,Not using yet,,BNB,Unknown,Galxe,,,,,"398,200","147,488",https://secondlive.world/,https://www.youtube.com/watch?v=RIEaV5vs074,https://twitter.com/SecondLiveReal/status/1683811945382830080,,,Custom,50,Join a secondlive campaign/event,Points for joining a featured secondlive campaign/event,Custom,100,Staking assets,Stake your BEAN and earn LIVE,Custom,125,Marketplace shopper,Spend a total of 0.25 BNB on the Secondlive markeplace,Referral,250,friends for life,refer a friend to download secondlive and join a spaces with you,Custom,125,Have your say!,Vote on a DAO proposal
Ashfall,Liithos,Prasanth,6/9/2023,liithos.com,"DM in Discord , New game with good team under development",Closed,,,,No,3,Available,No funds raised,>10,Unknown,,Unknown,,Unknown,Unknown,Unknown,,,,,,,,,,,,,,,,,,,,,,,,,,,,,,,
MotoDex,Openbisea,Prasanth,6/9/2023,openbisea.io,Founder email & TG,,,,,No,5,Available,No funds raised,>10,Using,https://app.openbisea.com/metaverse?game=0&chain=aurora,Using,https://bscscan.com/token/0x490DbA6180b089d8E36eBb1E56a33F1aE9B96b87,BNB,Europe,Galxe,,,,,"7,100","5,320",,,,,,,,,,,,,,,,,,,,,,,,,
My Pet Hooligan,AMGI Studios,Prasanth,6/9/2023,amgistudios.com,"Discord Ticket , email , DM community head",,,,,Yes,9,Available,Raised funds,>10,Using,https://opensea.io/collection/mypethooligan,Using,https://etherscan.io/token/0x09233d553058c2f42ba751c87816a8e9fae7ef10,Ethereum,Unknown,Unknown,,,,,"91,900","29,293",https://www.mypethooligangame.com/,https://www.youtube.com/watch?v=KFqlhRp_V7k,https://twitter.com/mypethooligan/status/1673832399971700737,,,Daily,100,Victory is mine,Win a FFA (free for all) match,Custom,500,My pet hoodiegan,Buy a hoodie from the merch store,Custom,75,Subscribe your email address,Sign up today to My Pet Hooliganâ„¢ newsletter,Daily,250,Kill the wabbit,Kill 3 players within 15 seconds with the Plunger Rifle ,Custom,50,Say your pwayers,Kill someone in mid air after hopping on a jump button
Battle Saga,Battle Saga,Prasanth,6/9/2023,battlesaga.io,"TG , Discord DM. New Game",,,,,Yes,9,Available,Raised funds,2-10,Not using yet,,Using,https://bscscan.com/token/0x708955Db0d4c52FFBf9AA34aF7f3CA8bf07390a8,BNB,Unknown,Unknown,,,,,"55,000","24,300",https://www.battlesaga.io/,,https://twitter.com/BattleSagaio/status/1683691485219405825,,,Daily,,,,,,,,,,,,,,,,,,,
Playzap,Playzap,Prasanth,6/9/2023,playzap.games,Ticket in Discord,,,,,Yes,9,Available,Raised funds,>10,Not using yet,,Using,https://bscscan.com/token/0x6ad9E9c098a45B2B41b519119C31c3DcB02ACcB2,BNB,Asia,Zealy,,,,,"57,200","13,904",https://www.playzap.games/,https://www.youtube.com/watch?v=aZ388bOB0O0,https://twitter.com/PlayZapGames/status/1684835186700148736,,,Daily,50,Bingo,Win a game of Bingo against another player,Custom,50,Freeball leauge,Points for simpily participating in the leauge,Daily,25,Join a PVP match,Points for wagering in a PVP match against another player for the prize pool,Custom,50,your own avatar,Create your own custom avatar within the app,Custom,100,Topping up,Add PZP to your game wallet
Mobox,Mobox,Prasanth,6/11/2023,moboxgraphics.com,New - TG admin / (  email  already sent by Philips ),,,,,No,9,Not available,Raised funds,Unknown,Using,https://www.binance.com/en/nft/collection/mobox-momoverse-avatar-545430208828309504?isBack=1,Using,https://bscscan.com/token/0x3203c9e46ca618c8c1ce5dc67e7e9d75f5da2377,BNB,Asia,Galxe,,,,,"328,600","12,780",moboxgraphics.com,,,,,,,,,,,,,,,,,,,,,,,,
Meta Apes,Meta Apes,Prasanth,6/11/2023,metaapesgame.com,"Business Email , Discord DM",,,,,Yes,9,Available,Raised funds,2-10,Using,https://plat.metaapesgame.com/index,Using,https://bscscan.com/token/0x734548a9e43d2D564600b1B2ed5bE9C2b911c6aB,BNB,Asia,Zealy,,,,,"54,000","17,000",https://metaapesgame.com/,https://www.youtube.com/watch?v=ZAoEltV3SqE,https://twitter.com/MetaApesGame/status/1554745110713483264,,,Custom,250,Level 20,Reach level 20 on an Ape fighter,Daily,200,Complete 3 Quests,Points for completing 3 in game quests,Custom,750,Nuceular city,Aquire a nuceular space city ,Custom,50,Ape collector,Buy a meta ape from the marketplace ,Custom,250,Peel trader,25000 Peel in trading volume from the wallet on the meta apes marketplace
Dark Land Survival,Big Cat Studio,Prasanth,6/11/2023,https://darkland.io/,DM admin in TG or Discord,,,,,No,9,Available,No funds raised,>10,Using,https://opensea.io/collection/dark-land-survival,Using,https://bscscan.com/token/0x6fdda284250795dfbab53955da78de4b6f72c4f9,BNB,Asia,Unknown,,,,,10000,10000,https://darkland.io/,,,,,,,,,,,,,,,,,,,,,,,,
Taco,Taco,Prasanth,6/11/2023,tacocrypto.io,DM in TG or Discord,,,,,No,9,Available,No funds raised,>10,Using,https://app.tacocrypto.io/marketplace,Using,https://wax.bloks.io/account/taco,WAX,Europe,Unknown,,,,,15000,"10,500",tacocrypto.io,,,,,,,,,,,,,,,,,,,,,,,,
Wombat Dungeon Master,Spielworks,Prasanth,6/11/2023,spielworks.com,Email Community head or DM in Discord,,Contacted,,https://dashboard.thx.network/preview/64be311e2ac414538a335a3c,Yes,10,Available,Raised funds,>10,Using,https://eos.atomichub.io/explorer/collection/eos-mainnet/wombatchamps,Using,https://polygonscan.com/token/0x0C9c7712C83B3C70e7c5E11100D33D9401BdF9dd,Polygon,Europe,Galxe,,,,,"7,879","90,500",https://dungeon.wombat.app/,https://www.youtube.com/watch?v=CytaXGrEM-U,https://twitter.com/adoptwombat/status/1683432127969505280,,,Custom,250,seasonal abundance,Open a season pass pack,Referral,50,Treasure hunter,Get a reward out of the daily treasure chest,Custom,200,Worker wombat,Get a million contribution in a single day,Social,200,Ten Days of Wombat ,Play 10 consectutive days,,,,
Alien Worlds,Dacoco,Prasanth,6/12/2023,daco.co.th,DM TG Admin,,Contacted,,https://dashboard.thx.network/preview/64be3114f2e2f87f1c699df6,Yes,9,Available,Raised funds,>10,Using,https://play.alienworlds.io/profile/points,Using,https://bscscan.com/token/0x2222227e22102fe3322098e4cbfe18cfebd57c95,BNB,Europe,Unknown,,,,,"117,900","42,377",https://alienworlds.io/,,,,,Custom,100,Embark on a Cosmic Odyssey,Create an account and start playing Alien worlds,Custom,50,"Hi ho, and off we go!",In your mining hub equip 3 tool NFTS to help grow your TLM,Social,100,Submarine Mining Expedition,Mine on planet neri in a waterzone,Social,50,Ciphered Gateway,Points for attending a event via link,,,,
Upland,Upland,Prasanth,6/12/2023,upland.me,Partnership Form,,Scheduled,,https://dashboard.thx.network/preview/64ca1397428d802ae432f9a3,Yes,9,Available,Raised funds,>10,Using,https://play.upland.me/store?tab=specialPackage,Using,https://www.upland.me/marketplace-analytics,EOS,North America,Unknown,,,,,"93,700","30,500",https://www.upland.me/,https://www.youtube.com/watch?v=Z0lhXUZBOSQ,https://twitter.com/UplandMe/status/1682061402914144261,https://discord.com/invite/8p4tVr2,599294224285827072,Custom,250,Build this city,Make a transaction above 4.99,Custom,100,Event attendee,Join an event in the event hub,Custom,50,Treasure hunter,Participate in a treasure hunt,Referral,500,Neverending friendship,refer a friend and points rewarded after they make a payment,,,,
Benji Bananas,Animoca Brands,Prasanth,6/13/2023,animocabrands.com,Partnership Form,,,,https://dashboard.thx.network/preview/64be310a2ac414538a3359f6,Yes,7,Available,Raised funds,>10,Using,https://opensea.io/collection/benji-bananas-membership-pass,Using,https://etherscan.io/token/0x46e98ffe40e408ba6412beb670507e083c8b95ff,EVM chain,Europe,Own Reward System,,,,,"18,400","2,830",https://benjibananas.com/,,,,,Custom,250,Membership Acquisition,Buy a membership pass from Opensea,Daily,100,Banana Economy,Spend your bananas on different things in the store,Daily,200,The Thousand Fruit Challenge,Get 1000 bananas in a single gameplay run,Social,50,Join amioca brands discord,Join amioca brands discord,,,,
Playbite,Playbite,Prasanth,6/13/2023,playbite.com,DM Admin in Discord,,,,,Yes,4,Available,Raised funds,>10,Using,https://app.playbite.com/shop,Unknown,,EVM chain,Unknown,Unknown,,,,,,,https://www.playbite.com/,,,,,Daily,,,,,,,,,,,,,,,,,,,
Pixels,Pixels,Prasanth,6/13/2023,pixels.com,Partnership Form Custom,,Scheduled,,,Yes,12,Available,Raised funds,>10,Using,https://opensea.io/collection/pixels-farm,Using,https://polygonscan.com/token/0x537b9F8b41D331C89326454256CC2853ACb8a435,Polygon,North America,Own Reward System,,,,,"116,000","118,341",,,,,,,,,,,,,,,,,,,,,,,,,
Tiny World,Tiny World,Prasanth,6/13/2023,tinyworldtours.com,Google Form,,,,,No,9,Not available,Raised funds,Unknown,Using,https://www.binance.com/en-IN/nft/collection/tiny-world-hero-nft-600300046585487360,Using,https://bscscan.com/token/0x05ad6e30a855be07afa57e08a4f30d00810a402e,BNB,Unknown,Blockheads,,,,,"56,000","37,600",,,,,,,,,,,,,,,,,,,,,,,,,
Ultiverse,Ultiverse,Prasanth,6/14/2023,ultiverse.io,Ticket in Discord,Closed,,,,No,10,Available,Raised funds,>10,Unknown,,Unknown,,EVM chain,Unknown,Unknown,,,,,10000,10000,,,,,,,,,,,,,,,,,,,,,,,,,
Meta Merge,Ultiverse,Prasanth,6/14/2023,ultiverse.io,Ticket in Discord,Closed,,,,No,10,Available,Raised funds,>10,Unknown,,Unknown,,EVM chain,Unknown,TaskOn,,,,,10000,10000,,,,,,,,,,,,,,,,,,,,,,,,,
Realm NFT,Realm NFT,Prasanth,6/14/2023,NOT FOUND,DM TG or Ticket in Discord,,,,,No,7,Available,No funds raised,2-10,Using,https://atomichub.io/explorer/collection/wax-mainnet/realmnftgame,Using,https://wax.bloks.io/account/realmnftgame,WAX,Unknown,Unknown,,,,,"11,300","9,500",,,,,,,,,,,,,,,,,,,,,,,,,
Gods Unchained,ImmutableX,Prasanth,6/14/2023,immutabullx.com,Email,,,,,Yes,9,Available,Raised funds,>10,Using,https://aqua.xyz/gu/search/cards?utm_content=website&utm_medium=cross-link&utm_source=https%3A%2F%2Fgodsunchained.com%2F&sortBy=gu-cards_USDC_price_asc&row=0,Using,https://etherscan.io/token/0xccc8cb5229b0ac8069c51fd58367fd1e622afd97,Ethereum,Oceania,Unknown,,,,,"125,600","104,434",https://godsunchained.com/,,,,,Custom,100,Cards of fate,Buy a card pack!,Custom,50,Kill 3 enemy creatues in a single blow ,Kill 3 enemy creatues in a single blow from one of your cards,Referral,250,Refer a friend ,Refer a friend and have him buy packs,Daily,25,Play a match in gods unchained,Play a match in gods unchained,,,,
Battle World,Battle World,Prasanth,6/14/2023,battleworld.game,Tg DM Bebo,CLosed,,,,No,3,Available,Unknown,Unknown,Unknown,,Unknown,,Unknown,Unknown,Unknown,,,,,,,,,,,,,,,,,,,,,,,,,,,,,,,
Farmers World,G.JIT Japan,Prasanth,6/15/2023,NOT FOUND,Email & DM in Discord,,,,,No,9,Available,No funds raised,Unknown,Using,https://wax.atomichub.io/market?collection_name=farmersworld&order=desc&sort=created,Unknown,,WAX,Asia,Unknown,,,,,"103,000","60,000",,,,,,,,,,,,,,,,,,,,,,,,,
Blockchain Brawlers,Tyranno Studios,Prasanth,6/15/2023,tyranno.io,Email & Custom form  ( Under WAX Mg ),,,,,No,9,Available,No funds raised,2-10,Using,https://opensea.io/collection/bc-brawlers?search[query]=Starter%20Pack,Using,https://waxblock.io/account/bcbrawlers,WAX,Unknown,Unknown,,,,,"51,000","23,800",,,,,,,,,,,,,,,,,,,,,,,,,
Prospectors,Wecan,Prasanth,6/15/2023,wecan.dev,Telegram DM CMO,,,,,No,4,Available,No funds raised,>10,Using,https://wax.atomichub.io/explorer/collection/wax-mainnet/prospectorsa,Unknown,,WAX,Europe,Unknown,,,,,"9,100","4,200",,,,,,,,,,,,,,,,,,,,,,,,,
R-Planet,Wecan,Prasanth,6/15/2023,wecan.dev,Telegram DM CMO,,,,,No,6,Available,No funds raised,>10,Using,https://wax.atomichub.io/explorer/collection/wax-mainnet/rplanet,Unknown,,WAX,Europe,Unknown,,,,,"28,800",,,,,,,,,,,,,,,,,,,,,,,,,,
Topia,Topia,Prasanth,6/15/2023,topia.com,DM in Discord,,,,,No,12,Not available,No funds raised,Unknown,Using,https://opensea.io/collection/topia-worlds,Using,https://etherscan.io/address/0xccccb68e1a848cbdb5b60a974e07aae143ed40c3,Polygon,North America,Unknown,,,,,"121,800","77,500",,,,,,,,,,,,,,,,,,,,,,,,,
DeFi Kingdoms,DeFi Kingdoms,Prasanth,6/15/2023,defikingdomsfanart.com,Partnership Form,,,,,No,9,Available,No funds raised,>10,Using,https://merch.defikingdoms.com/,Using,https://snowtrace.io/token/0x4f60a160D8C2DDdaAfe16FCC57566dB84D674BD6,Avalance,North America,Unknown,,,,,"113,000","76,751",,,,,,,,,,,,,,,,,,,,,,,,,
Neopets Metaverse,Neopets Metaverse,Phillip,6/15/2023,neopetsmeta.io,,Game is closed,,,,Yes,10,Available,Raised funds,>10,Using,https://magiceden.io/marketplace/neopets_metaverse,Unknown,,Polygon,Asia,Unknown,,,,,"34,000","9,870",https://www.neopetsmeta.io/,,,,,Daily,50,Login to Neopets!,Reward for logging in,Daily,100,Complete all of our games in a single session,Play and complete all of our games in a single session,Daily,100,Feed your neopet some delicious food,rewarded for taking care of your neopet,Daily,250,Battle arena,rewarded for battling your neopet,,,,
Champions Ascension,Plai Labs,Phillip,6/15/2023,plailabs.com,Collab Email,New ticket created,Scheduled,,https://dashboard.thx.network/preview/64ca2f54aefc41bb48e7aa87,Yes,12,Available,Raised funds,>10,Using,https://opensea.io/collection/champions-ascension-prime-eternal,Using,https://polygonscan.com/token/0xb48c032f2d7a4158b10f8e88a1f1249119493c72,Polygon,North America,Unknown,,,,,"40,600","81,680",https://champions.io/,https://www.youtube.com/watch?v=BLp9iSqT8Po,https://twitter.com/ChampionsIO/status/1685013766243573761,https://discord.com/invite/championsascension,912425349260922890,Custom,500,Play in our esports leauge,rewarded for participating in one of our upcoming esports tournaments (they are livestreamed and get a bit of attention),Daily,,,,Custom,,,,Custom,,,,,,,
,Hardball Games,Phillip,6/15/2023,hardball.games,,,,,,No,4,Available,Raised funds,>10,Not using,,Not using,,EVM chain,Europe,Unknown,,,,,149,,,,,,,,,,,,,,,,,,,,,,,,,,
Omega Royale,Tower Pop,Phillip,6/15/2023,omegaroyale.com,,,,,,No,6,Unknown,Raised funds,>10,Not using yet,,Not using,,Polygon,Europe,Unknown,,,,,"2,133","2,800",,,,,,,,,,,,,,,,,,,,,,,,,
Kingdomverse,Kingdomverse,Phillip,6/15/2023,kingdomverses.com,Telegram DM,,,,,Yes,6,Available,Raised funds,>10,Using,https://opensea.io/collection/dtk-genesis,Using,https://etherscan.io/token/0x149d8290f653deb8e34c037d239d3d8eee9de5ad,Ethereum,Asia,Unknown,,,,,"37,200","1,750",https://kingdomverse.xyz/,,,,,,,,,,,,,,,,,,,,,,,,
Legions & Legends,Azra Games,Phillip,6/15/2023,http://azragames.com,Discord Ticket,,Scheduled,,https://dashboard.thx.network/preview/64ca2f5eaefc41bb48e7aaa3,Yes,9,Available,Raised funds,>10,Using,https://opensea.io/collection/azragames-thehopeful,Using,https://etherscan.io/token/0xc4973de5ee925b8219f1e74559fb217a8e355ecf,Ethereum,North America,Sesame Labs,,,,,"18,000","24,900",https://legionsandlegends.com/,https://www.youtube.com/watch?v=WTj_1VwRPLo,https://twitter.com/legions_legends/status/1590410555793494016,https://discord.com/invite/azra,943555255210213406,Social,25,Watch our youtube teaser,free points for watching youtube content,Social,25,Keep me updated ,Points for following our Twitter account,Social,,Join our Discord,Points for joining our discord server,Social,25,Share sneak peak,Points for retweeting sneak peak footage on twitter,,,,
Ultimate Champions,Unagi,Phillip,6/15/2023,https://beta.ultimate-champions.com/,Google form,Followed up with email if no reply email again in 3days,Contacted,,,Yes,12,Available,Raised funds,>10,Using,https://beta.ultimate-champions.com/,Using,https://polygonscan.com/token/0xED755dBa6Ec1eb520076Cec051a582A6d81A8253,Polygon,Europe,Galxe,,,,,"37,100","24,000",https://beta.ultimate-champions.com/,,,,,Custom,250,Obtain a mythic rarity card ,Obtain a mythic rarity card from a pack,Daily,50,Beginner entry,Create a team lineup for the beginnner entry,Custom,50,List an item,succefully sell a card on the marketplace,Social,25,Join Discord,Points for joining the ultimate champions discord,,,,
Matr1x,Matr1x,Phillip,6/15/2023,matrxltc.com,Discord Ticket,,,,,Yes,12,Available,Raised funds,>10,Using,https://opensea.io/collection/yatc,Unknown,,Polygon,Asia,TaskOn,,,,,"144,000","72,440",https://matr1x.io/,,,,,Custom,50,Triple kill,Kill 3 enemies consectively in game,Custom,125,battle royale champion,Come out as the winner in the battle royale gamemode,Custom,125,Bomb aquired,Plant the EMP 3 times in the gamemode,Custom,25,Sneaky kill,Kill an enemy from behind with a knife,,,,
Skyweaver,Horizon,Phillip,6/15/2023,horizon.io,Email,,Scheduled,,https://dashboard.thx.network/preview/64ca2f62aefc41bb48e7aabd,Yes,12,Available,Raised funds,>10,Using,https://opensea.io/collection/skyweaver,Not using,,Polygon,North America,Own Reward System,,,,,"24,400","88,000",https://www.skyweaver.net/,https://www.youtube.com/watch?v=uRvfGn5wWdc,https://twitter.com/SkyweaverGame/status/1686330915096608768,https://discord.com/invite/skyweaver,444586810765475860,Custom,250,Buy a Hero,Buy any hero listed on the marketplace,Custom,50,Deck builder,Modify and build your deck before playing,Custom,50,Trying my Skills,Aquire a Conquest ticket ,Daily,50,Daily player,Play any gamemode match and achieve 1 win daily,,,,
Stella Fantasy,Ring Games,Phillip,6/15/2023,https://ringgames.com/,Google form,looks shady,,,,No,9,Unknown,Raised funds,>10,Using,https://bsc-marketplace.stellafantasy.io/market/character?,Using,https://bscscan.com/token/0xE9d6d6D7CDE5C7d45927F8c37460d932E612C902,BNB,Europe,Unknown,,,,,"57,600",48000,,,,,,,,,,,,,,,,,,,,,,,,,
Project Loki,Theorycraft Games,Phillip,6/15/2023,theorycraftgames.com,,web2,,,,No,12,Available,Raised funds,>10,Not using yet,,Not using yet,,Polygon,North America,Unknown,,,,,"18,899","20,000",,,,,,,,,,,,,,,,,,,,,,,,,
Delysium,Kurosemi,Phillip,6/15/2023,http://delysium.com,Discord Ticket / Telegram DM,,Scheduled,,https://dashboard.thx.network/preview/64ca2f6caefc41bb48e7aadd,Yes,9,Available,Raised funds,>10,Using,https://marketplace.delysium.com/,Using,https://bscscan.com/token/0x818835503f55283cd51a4399f595e295a9338753,Ethereum,North America,Galxe,,,,,"168,000","119,000",https://www.delysium.com/,https://www.youtube.com/watch?v=i9LZU8I39GU,https://twitter.com/The_Delysium/status/1686015242063458305,https://discord.com/invite/delysium,917041957522538557,Custom,250,Marketplace Reward,Buy an NFT from the marketplace,Custom,200,Locking up!,lock delysium multiverse NFT (DML) ,Custom,1000,Aquire accelerator NFT,Buy a Delysium Multiverse accelerator for 1000 USDT,Custom,100,Makes you stronger,Complete a match without dieing!,,,,
,Revolving Games,Phillip,6/15/2023,revolvinggames.com,,Closed,,,,No,10,Available,Raised funds,>10,Unknown,,Unknown,,EVM chain,Unknown,Unknown,,,,,,,,,,,,,,,,,,,,,,,,,,,,,,,
Pirates of the Arrland,Anfata Games,Phillip,6/15/2023,NOT FOUND,"Discord Ticket, Telegram Group",,,,,Review,9,Available,Raising funds,>10,Using,https://account.arrland.com/,Using,https://etherscan.io/token/0xe804f5a2b14ae03345fffb89bded13a2ef5cefa7,Ethereum,Europe,Galxe,,,,,"35,300","20,000",,,,,,,,,,,,,,,,,,,,,,,,,
The Red Village,Big Kid Studios,Phillip,6/15/2023,theredvillage.com,Discord DM Founder | Email,Sent Phil a DM,Scheduled,,https://dashboard.thx.network/preview/64ca2f75aefc41bb48e7aafd,Yes,10,Available,Raised funds,>10,Using,https://trv.hawku.com/c/trv/trv_champion?selected_mode=grid&selected_tab=listings,Unknown,,Polygon,North America,Galxe,,,,,"34,500","8,000",https://theredvillage.com/,https://www.youtube.com/watch?v=uekouXcdOd8&ab_channel=THEREDVILLAGE,https://twitter.com/TheRedVillage/status/1532469029243613184,https://discord.com/invite/theredvillage,882427312346366022,Custom,500,First place,Win first place in a tournament,Custom,100,Own 5 nfts,Points for owning 5 The Red Village NFTS,Custom,350,Champion loyalist,Battle with your champion 250 times,Daily,51,Born to win,Own a champion with a 51% win percentage,Custom,500,Bringing home the bacon,Achieve a total winnings of $1000
Superwalk,Proground,Prasanth,6/15/2023,proground.co.kr,,Email,,,,Yes,9,Available,Raised funds,>10,Using,https://opensea.io/collection/superwalk-collection,Using,https://scope.klaytn.com/token/0x84F8C3C8d6eE30a559D73Ec570d574f671E82647,Klaytn,Asia,Unknown,,,,,"30,300","27,800",https://superwalk.io/,https://www.youtube.com/watch?v=SxoucdkgiEo,https://twitter.com/SuperWalk_/status/1684849844710748160,,,Custom,750,im gonna be ,Walk over 500KMs in the app,Custom,200,Recharged,"Earn 10,000 Pts within the app",Custom,200,Ready to walk?,mint yourself a pair of shoes within the app,Social,50,Walk with us,Follow us on Twitter,,,,
,Ready Games,Phillip,6/15/2023,ready.gg,,,,,,No,10,Available,Raised funds,>10,Unknown,,Unknown,,EVM chain,North America,Unknown,,,,,"13,400","13,600",,,,,,,,,,,,,,,,,,,,,,,,,
Bloktopia,Bloktopia,Phillip,6/15/2023,bloktopia.com,Discord Ticket | Telegram DM,"Created a ticket, sent Alex a DM",,,,Yes,#REF!,Available,Raised funds,>10,Using,https://landsale.bloktopia.com/,Using,https://polygonscan.com/token/0x229b1b6c23ff8953d663c4cbb519717e323a0a84,Polygon,Europe,Unknown,,,,,"345,000","57,000",https://www.bloktopia.com/,https://www.youtube.com/watch?v=QQQOb0jq0UA,https://twitter.com/bloktopia/status/1684904014205304833,,,Custom,75,"You know, I'm very photogenic.",Create an avatar using your photo,Custom,500,Happiness is homemade,Purchase REBLOK using $BLOK tokens and aquire real estate,Social,50,Strangers become friends,"Share the love, hit retweet.",Custom,250,M3TASPACE Astronaut,Test the game campaign,,,,
Blast Royale,First Light Games,Phillip,6/15/2023,blastroyale.com,Discord \ Linkedin,,,,,Yes,12,Available,Raised funds,>10,Using,https://hub.blastroyale.com/marketplace,Using,https://polygonscan.com/token/0xae14e29c4b59d072507640e72151dad1bf5fe295,Polygon,Europe,Unknown,,,,,"33,333","15,000",https://www.blastroyale.com/,,,,,Custom,75,"Your face, your ass ",Get a triple kill with the rocket launcher,Custom,125,weed whacker,Kill 25 players with the chain gun,Daily,100,Daily player,Win 3 games,Social,50,Join the Blastroyale discord,points for joining the discord,,,,
,nCore Games,Phillip,6/15/2023,ncoregames.com,,Closed,,,,No,#REF!,Available,Raised funds,>10,Unknown,,Unknown,,Unknown,Unknown,Unknown,,,,,,,,,,,,,,,,,,,,,,,,,,,,,,,
Proxi,Gallium Studios,Phillip,6/15/2023,galliumstudios.com,,,,,,No,3,Available,Raised funds,>10,Not using yet,,Not using yet,,Unknown,North America,Unknown,Beta,,https://www.galliumstudios.com/proxi,November 2020,2012,1070,,,,,,,,,,,,,,,,,,,,,,,,,
GAMEE,GAMEE,Prasanth,6/15/2023,gamee.com,,Email & Discord Ticket,Scheduled,,https://dashboard.thx.network/preview/64be30e0f2e2f87f1c699ccc,Yes,12,Available,Raised funds,>10,Using,https://opensea.io/collection/gbots-gamee,Using,https://polygonscan.com/token/0xcf32822ff397ef82425153a9dcb726e5ff61dca7,Polygon,Europe,Zealy,,,,,"63,700","49,783",https://www.gamee.com/,,,,,Custom,200,Provide liquidity by staking,Provide liquidity by staking over 200 dollars,Social,50,Join our discord,Join GAMEE'S discord server,Referral,25,Invite a friend to Discord,Refer a friend to the Discord server (25pts each refeeral),Daily,5,Free points for you,Claim your daily free points for logging in,,,,
Arc8,GAMEE,Prasanth,6/15/2023,gamee.com,,Email & Discord Ticket,Scheduled,,https://dashboard.thx.network/preview/64be30d6f2e2f87f1c699ca6,Yes,12,Available,Raised funds,>10,Using,,Using,https://polygonscan.com/token/0xcf32822ff397ef82425153a9dcb726e5ff61dca7,Polygon,Europe,Zealy,,,,,"111,000","50,000",https://arc8.com/,,,,,Custom,100,Get a 10x multiplier in man city striker,Get a 10x multiplier in man city striker,Custom,100,Enter the lucky draw,cashback in points for entering the lucky draw,Custom,50,Buy any reward pack or battery boost in the store,Buy any reward pack or battery boost in the store,Social,50,Share us on social media,Share us on social media,,,,
Undead Blocks,Wagyu Games,Prasanth,6/15/2023,wagyu.io,,Discord or Linkedin,Scheduled,,https://dashboard.thx.network/preview/64ca2f7eaefc41bb48e7ab1d,Yes,9,Available,Raised funds,Unknown,Using,https://opensea.io/collection/undead-blocks-weapons,Using,https://etherscan.io/token/0x310C8F00b9dE3c31Ab95ea68feb6C877538f7947,Ethereum,North America,Unknown,,,,,"53,600","22,000",https://www.undeadblocks.com/,https://www.youtube.com/watch?v=JjDHu-T_twk,https://twitter.com/UndeadBlocks/status/1630713698951077888,https://discord.com/invite/S53qxR5b55,896838601395011654,Custom,200,Kill 5000 Zombies,Points for killing an insane amount of zombies,Custom,250,Trade a skin on immutable marketplace,Trade a skin on immutable marketplace,Custom,100,Spend EXP to open a door in the map,Spend EXP to open a door in the map,Custom,50,Gold zbucks,While playing the game get a gold zbucks drop from a zombie,,,,
,Regression,Phillip,6/15/2023,regression.gg/,,Web2,,,,No,12,Unknown,Raised funds,>10,Not using,,Unknown,,Polygon,North America,Unknown,,,,,10000,10000,,,,,,,,,,,,,,,,,,,,,,,,,
,Million on mars,Phillip,6/15/2023,milliononmars.com,,"No Discord , Low acctivity in TW",Scheduled,,,Yes,6,Available,Raised funds,>10,Using,https://neftyblocks.com/collection/onmars,Not using yet,,WAX,North America,Unknown,Alpha,,https://docs.milliononmars.com/playerguide/meta-information/roadmap,April 2020,"23,100",,https://milliononmars.com/,https://www.youtube.com/watch?v=E_eEiew_4fI,https://twitter.com/MilliononMars/status/1575185061796020226,https://milliononmars.com/discord/,,Custom,500,Level 10 Warehouse,Get your Regolith Warehouse to level 10,Custom,25,Marketplace ,Buy/Sell an item on the marketplace,Custom,200,,Complete 100 tasks,,,,,,,,
,Hadean,Phillip,6/15/2023,hadean.com,,"Not Gaming , Web2",,,,No,9,Unknown,Raised funds,>10,Unknown,,Unknown,,Unknown,Unknown,Unknown,,,,,10000,10000,,,,,,,,,,,,,,,,,,,,,,,,,
Carbify,Carbify,Mieszko,6/16/2023,carbify.io,Email,,,,,Yes,7,Available,Raised funds,>10,Using,https://opensea.io/Carbify,Using,https://polygonscan.com/token/0xb6a5ae40e79891e4deadad06c8a7ca47396df21c,Polygon,Europe,Unknown,Post Launch,,,November 2022,"7,800",2000,https://www.carbify.io/,,,,,,,,,,,,,,,,,,,,,,,,
Carrom Blitz,Joyride Games,Prasanth,6/16/2023,onjoyride.com,,Form,Scheduled,,https://dashboard.thx.network/preview/64ca2f88aefc41bb48e7ab3d,Yes,9,Available,Raised funds,>10,Using,https://opensea.io/collection/tennis-champs-genesis,Unknown,,Flow,North America,Unknown,,,,,"127,000","34,000",https://www.onjoyride.com/games/carrom-blitz,,,,,Daily,50,High stakes,wager more then 5 dollars value in pool blitz,Daily,100,Blackjack ,Get a blackjack in Blackjack Blitz,Custom,250,Are we solataire yet?,Play 25 games of solataire,Social,50,Join Joyride game's discord,Points for joining Joyride game's discord server,,,,
Super Champs,Joyride Games,Prasanth,6/16/2023,onjoyride.com,,same as above,,,,No,3,Available,Raised funds,>10,Unknown,,Unknown,,Unknown,North America,Unknown,,,,,,,,,,,,,,,,,,,,,,,,,,,,,,,
Citizen Conflict,QORPO Game Studio,Prasanth,6/17/2023,qorpo.world,,Form,Contacted,,https://dashboard.thx.network/preview/64be30c5f2e2f87f1c699c81,Yes,9,Available,Raising funds,>10,Using,https://qorpo.market/,Unknown,,BNB,Europe,Galxe,,,,,"155,300","53,500",https://www.citizenconflict.com,,,,,Daily,100,Headshot,Kill 5 people with headshots,Daily,200,Now you see me now you don't,Kill an enemy while breaking invisibility,Daily,250,I AM THOR,Kill 2 players with the big hammer's aoe damage,Social,50,Join Citizen Conflict's discord,Points for joining Citizen Conflict's discord,,,,
Thetan Arena,Wolffun Game,Prasanth,6/17/2023,wolffungame.com,,Form,,,,Yes,9,Available,Raised funds,>10,Using,https://marketplace.thetanarena.com/,Using,https://bscscan.com/address/0x9fd87aefe02441b123c3c32466cd9db4c578618f,BNB,Asia,Galxe,,,,,"330,000","47,850",https://thetanarena.com/,,,,,Custom,50,Spend your crypto coins on different gear,Spend your crypto coins on different gear,Daily,250,"""light it up like it's dynamite""",Play and win a match with only the timer bomb ( you can buy the timer bomb from the store with cryptocoins),Custom,300,"""Ghost busters""",Play a team match with your whole team using only just the drone chain,Social,50,Join our discord,Points for joining Wolfrun game's discord ,,,,
Cryowar,Cryowar,Prasanth,6/17/2023,cryowar.com,,Closed,,,,No,9,Available,Raised funds,Unknown,Unknown,,Unknown,,Unknown,Europe,Unknown,,,,,10000,10000,,,,,,,,,,,,,,,,,,,,,,,,,
Cards of Ethernity,Aether Games,Prasanth,6/17/2023,aethergames.io,,TG DM CMO,Scheduled,,https://dashboard.thx.network/preview/64ca2f8faefc41bb48e7ab51,Yes,9,Available,Raised funds,>10,Using,https://opensea.io/collection/coeforsakenheroes,Using,https://polygonscan.com/token/0x6b44232BD0cCB3A1ac3587464069629cbdEFBF28,Polygon,North America,Unknown,,,,,"1,300","23,000",https://coe.gg/,https://www.youtube.com/watch?v=6Y7-1N-d518,https://twitter.com/CoECardGame/status/1669636244484104197,,,Custom,200,Finish the in game tutorial,Finish the in game tutorial,Daily,100,Win 3 games with different opponents,Win 3 games with different opponents,Social,50,Join our Discord,Points for joining our discord server,Custom,200,Buy some cards ,Buy some cards on the marketplace,,,,
Cross The Ages,Cross The Ages,Prasanth,6/17/2023,crosstheages.com,,email,Contacted,,https://dashboard.thx.network/preview/64be30bc2ac414538a3358a0,Yes,9,Available,Raised funds,>10,Using,https://opensea.io/collection/cross-the-ages-arkhante-booster-premium-pack-1,Using,https://immutascan.io/address/0xa04bcac09a3ca810796c9e3deee8fdc8c9807166?tab=1&forSale=true,IMX,Europe,Zealy,,,,,"133,700","27,500",https://www.crosstheages.com/,,,,,Custom,100,Buy an NFT card on Opensea or immutable,Buy an NFT card on Opensea or immutable,Referral,,,,Custom,200,Create a trinity with your cards and win the game,Create a trinity with your cards and win the game,Referral,500,Refer a friend ,refer a friend then have that friend buy/mint cards then get additional points every time they do a mint?,,,,
Ember Sword,Bright Star Studios,Prasanth,6/17/2023,NOT FOUND,,email or form,Contacted,,https://dashboard.thx.network/preview/64be30af2ac414538a335876,Yes,12,Available,Raised funds,>10,Using,https://opensea.io/collection/embersword-land,Unknown,,Polygon,Europe,Unknown,,,,,"86,000","69,000",https://embersword.com/,,,,,Custom,50,"Boar's Brawl: A Beginner's Hunt""",Kill 3 boars in ember sword,Custom,200,1000 Foes Vanquished,Points for looting 1000 enemies,Custom,500,The Path to 10,Points for reaching level 10,Social,50,Social Media Savvy,Points for retweeting and liking a twitter post,,,,
Starfall Arena,Bell Curve Labs,Prasanth,6/17/2023,NOT FOUND,,No Collabs now,,,,No,3,Available,Unknown,Unknown,Unknown,,Unknown,,Unknown,Unknown,Unknown,,,,,,,,,,,,,,,,,,,,,,,,,,,,,,,
Legendary Heroes Unchained,N3TWORK,Prasanth,6/17/2023,n3twork.com,,Form,Scheduled,,https://dashboard.thx.network/preview/64ca2f97aefc41bb48e7ab69,Yes,9,Available,Raised funds,>10,Using,https://opensea.io/collection/lhu-loyalty-pass,Unknown,,Ethereum,North America,Unknown,,,,,"36,400","56,000",https://www.legendaryheroesunchained.com/,https://www.youtube.com/watch?v=WEBsdG-uEOI,https://twitter.com/LHUGame/status/1683525559572365313,https://discord.com/invite/33hGHFFcDp,963882316151791666,Custom,100,Complete 10 battles,Complete 10 battles,Daily,200,level up your heros,level up your heros,Social,50,Join our Discord,Join our Discord,Custom,200,Earn 1000 coins playing the game,Earn 1000 coins playing the game,,,,
MetaJuice,IMVU Inc,Prasanth,6/17/2023,NOT FOUND,,Discord Ticket,Scheduled,,https://dashboard.thx.network/preview/64ca2f9faefc41bb48e7ab87,Yes,9,Available,Raised funds,>10,Unknown,,Using,https://etherscan.io/token/0x733B5056a0697e7a4357305FE452999a0C409feb,Ethereum,North America,Galxe,,,,,"37,800","20,500",https://metajuice.com/,https://www.youtube.com/watch?v=5aMwUqQ5PCE,https://twitter.com/themetajuice/status/1663668245096976384,https://discord.com/invite/aE6Nbn6zVv,982013505827909652,Custom,250,Buy a limited edition NFT,Buy a limited edition NFT,Custom,100,Create a female/male character,Create a female/male character,Custom,50,Enter any chatroom,Enter any chatroom,Social,50,Retweet Twitter post,Points for retweeting and liking a twitter post,,,,
Dehorizon,,Phillip,6/17/2023,,,Project Inactive,,,,No,9,Unknown,Unknown,Unknown,Unknown,,Unknown,,Unknown,Unknown,QuestN,,,,,10000,10000,,,,,,,,,,,,,,,,,,,,,,,,,
Playsipher,Ather Labs,Phillip,6/17/2023,atherlabs.com,DM in Discord,,,,,Yes,9,Available,Raised funds,>10,Using,https://opensea.io/collection/sipheriansurge,Using,https://etherscan.io/token/0x9F52c8ecbEe10e00D9faaAc5Ee9Ba0fF6550F511,Ethereum,Asia,Own Reward System,Alpha,,https://cdn.discordapp.com/attachments/1037786268525936740/1124358784056307883/IMG_4628.png,June 2021,103000,165000,https://playsipher.com/,https://www.youtube.com/watch?v=M3aE4FxaPo0,https://twitter.com/playSIPHER/status/1684176441301430273,https://discord.com/invite/playSIPHER,857914873106399303,Custom,100,Stake $SIPHER ,Stake your $SIPHER and provide liquidity for 30 days,Custom,100,Aquire an NFT,Buy a Sipherian surge NFT from Opensea,Custom,75,Boom boom boom!,Kill 250 enemies with a grenade launcher,Custom,50,Slashing time,Kill a group of enemies dashing into melee combat with a demon sword,Custom,50,Turret master,Kill a total of 500 enemies with turrets
Playermon,Playermon,Phillip,6/17/2023,playermon.com,Email,,Scheduled,,https://dashboard.thx.network/preview/64ca2fa7aefc41bb48e7aba7,Yes,9,Available,Raised funds,>10,Using,https://playermon.com/marketplace,Using,https://polygonscan.com/token/0x0bd49815ea8e2682220bcb41524c0dd10ba71d41,Polygon,North America,Unknown,Post Launch,,https://playermon.com/roadmap,Aug 2021,123900,1270,https://playermon.com/,https://www.youtube.com/watch?v=6dhZ8DZC2lA,https://twitter.com/playermons/status/1685994598601039872,https://discord.com/invite/sMAAYz4q8v,872852690202394715,Daily,10,Take care of your playermon,Visit the spaceden and feed your playermon,Custom,250,Recharge,Purchause 5 energy using sgem tokens,Custom,250,Spaceden hall of fame,reach top 10 on the spaceden leaderboard,Custom,750,Sgem craft,Craft a playermon egg using your Sgems,Custom,250,Time to decorate,Buy a playermon christmas gift box and decorate your Playerden
,Uponly,Phillip,6/17/2023,uponly.com,Email,Game Analytics Platform . Marketplace under const,,,,Yes,9,Available,Unknown,>10,Not using yet,,Using,https://polygonscan.com/token/0x9dbfc1cbf7a1e711503a29b4b5f9130ebeccac96,Polygon,Asia,Own Reward System,Beta,,https://about.uponly.com/,June 2021,"113,000",,https://www.uponly.com/,,https://twitter.com/UpOnlyOfficial/status/1681644431919947776,https://t.me/UpOnlyOfficial,N/A,Custom,100,Bet on Uponly,Bet on your favorite livestreamer winning his stream on Uponly,Custom,250,Stake on Uponly,Provide LP or Stake at least $200 in one of the pools,Daily,25,Daily points for UPO holders,Daily points for holding at least 500 dollars of UPO tokens,Custom,25,Project supporter,Like or follow a project on Uponly,Custom,50,Lottery participant,Participate in the Uponly Widget lottery!
Play Fantasy,Oneworldnation,Phillip,6/17/2023,oneworldnation.game/,Email | TG DM ,,,,,Yes,10,Available,Raised funds,>10,Using,https://play.oneworldnation.game/marketplace,Using,https://polygonscan.com/address/0x4252b44fe1f771f5385a7e80097744b80bbfe68c,Polygon,Asia,Own Reward System,Post Launch,,https://whitepaper.oneworldnation.game/technology/roadmap,June 2022,"5,672","12,127",https://www.oneworldnation.game/,https://www.youtube.com/watch?v=UuUYIGJYsMk,https://twitter.com/CryptoverseOwn/status/1686383000416837632,,,Custom,50,Fortune Teller,Win a prediciton game with a bet of over 2500CC,Custom,250,Win a total of 25000CC ,rewarded to users who have won a total of 25000CC on Oneworldnation,Custom,250,Lose a total of 25000CC ,rewarded to users who have lost a total of 25000CC on Oneworldnation,Custom,100,Buy an NFT,Spend $9 on an NFT,Custom,,,
InfiniMerge,Infinigods,Phillip,6/17/2023,reference.com,Discord Ticket,,,,,Yes,12,Available,Raised funds,>10,Using,https://opensea.io/collection/infinipass,Not using yet,,Polygon,Unknown,Unknown,Post Launch,,https://infinigods.gitbook.io/infinigods/introduction/introduction-to-infinigods,April 2022,"24,000",10000,,,,,,,,,,,,,,,,,,,,,,,,,
Matrix World,Matrix Labs,Phillip,6/17/2023,matrixlabs.org,Discord Ticket | CMO Email,https://matrixmarket.xyz/collection,Scheduled,,,Yes,7,Available,Raised funds,>10,Using,https://opensea.io/collection/matrixworld-landvoucher,Not using yet,https://etherscan.io/token/0x05b505f6bda522efd3b5f63b6338f275f14549a2,Ethereum,North America,Unknown,Alpha,,https://cdn.discordapp.com/attachments/884335125561737237/1084692718938239046/RoadMap__Widescreen_the_pioneers.png,September 2021,34700,9721,,,,,,,,,,,,,,,,,,,,,,,,,
What The Kart,Ohbabygames,Phillip,6/17/2023,ohbabygames.com,,Not Accepting Collabs Now. Team is fully focused on Developing  ,,,,No,10,Available,Raised funds,>10,Unknown,,Unknown,,EVM chain,Unknown,Unknown,Alpha,,,Dec 2021,10000,10000,,,,,,,,,,,,,,,,,,,,,,,,,
House of Boxing,Eterlast,Phillip,6/17/2023,eterlast.com,Discord Ticket | CEO email,,,,,Yes,3,Available,Raised funds,>10,Using,https://market.immutable.com/collections/0x9cff05e39a8f838b95c6614d51c438d6c2e29f30,Not using yet,,IMX,Europe,Zealy,Beta,,https://eterlast.gitbook.io/house-of-boxing-1/gameplay/alpha-and-further-expansion,April 2022,3847,1740,,,,,,,,,,,,,,,,,,,,,,,,,
Arcade2Earn,Arcade2Earn,Phillip,6/17/2023,arcade2earn.info,,No need of NFT,,,,No,6,Available,Raised funds,>10,Not using,,Not using,,Unknown,North America,Unknown,Post Launch,,https://arcade2earn.io/about/,Nov 2021,21500,,,,,,,,,,,,,,,,,,,,,,,,,,
Mechafightclub,,Phillip,6/17/2023,,,Game is closed,,,,No,9,Unknown,Raised funds,>10,Unknown,,Unknown,,Unknown,Unknown,Unknown,,,,,10000,10000,,,,,,,,,,,,,,,,,,,,,,,,,
Dogami,Dogami,Phillip,6/17/2023,dogami.com,Discord Ticket,Linkedin connected,,,,Yes,9,Available,Raised funds,>10,Using,https://marketplace.dogami.com/,Using,https://better-call.dev/mainnet/KT1SnUZLQ4gVrQeapUvp6GY9UKKb4gAZJ8D9/operations,Other,Europe,Zealy,Post Launch,May 2021,https://whitepaper.dogami.com/roadmap-and-additional-info/roadmap,Aug 2021,"97,000",82775,,,,,,,,,,,,,,,,,,,,,,,,,
Polychain Monsters,Polychain Monsters,Prasanth,6/19/2023,polychainmonsters.com,,closed,,,,No,10,Available,Unknown,>10,Unknown,,Unknown,,EVM chain,Europe,Unknown,,,,,10000,10000,,,,,,,,,,,,,,,,,,,,,,,,,
Heroes of Mavia,Skrice Studios,Prasanth,6/19/2023,skrice.com,,closed,,,,No,10,Available,Raised funds,>10,Unknown,,Unknown,,EVM chain,Unknown,Unknown,,,,,10000,10000,,,,,,,,,,,,,,,,,,,,,,,,,
Phi,Phi,Prasanth,6/20/2023,philips.com,,DM in twitter,,,,Yes,9,Available,Raised funds,>10,Using,https://quest.philand.xyz/shop,Unknown,,Polygon,Unknown,Galxe,,,,,"39,000",,https://philand.xyz,,,,,,,,,,,,,,,,,,,,,,,,
Kiraverse,Param labs,Prasanth,6/20/2023,paramlabs.com,,Discord or Linkedin,,,,Yes,9,Available,Unknown,>10,Using,https://opensea.io/collection/kiraverse-nfts,Unknown,,IMX,Unknown,Unknown,,,,,"63,800","16,500",https://kiraverse.game/,,,,,Custom,250,Buy a Kiragenisis collection nft ,Buy a Kiragenisis collection nft from the secondary market (gamestop's marketplace),Daily,500,Win a free for all/team deathmatch 5 times,Win a free for all/team deathmatch 5 times,Daily,75,kill 15 enemies with a SMG,kill 15 enemies with a SMG,Referral,200,Refer a friend ,Refer a friend and play a team deathmatch together,,,,
Galaxy Fight Club,Galaxy Fight Club,Prasanth,6/20/2023,galaxyfightclub.com,,Form,,,,Yes,12,Available,Raised funds,>10,Using,https://opensea.io/collection/galaxy-fight-club,Unknown,https://polygonscan.com/token/0x071AC29d569a47EbfFB9e57517F855Cb577DCc4C,Polygon,Asia,Zealy,,,,,"87,500","36,400",https://galaxyfightclub.com/,,,,,Custom,100,Play the new Tournament Mode & New Characters,Play the new Tournament Mode & New Characters,Custom,100,Win 5 3v3 matches,Win 5 3v3 matches,Custom,250,Use your custom NFT to spawn into the fight,play the game with a custom NFT from a collection,Custom,250,Buy an NFT,Buy an NFT from the marketplace,,,,
Illuvium,Illuvium,Phillip,6/22/2023,illuvium.io,Custom form,ILV is on cost cutting mode . https://illuvidex.illuvium.io/illuvitars/trade,,,,Yes,9,Available,Raised funds,>10,Using,https://opensea.io/collection/illuvium,Using,https://etherscan.io/token/0x767fe9edc9e0df98e07454847909b5e959d7ca0e,Ethereum,Oceania,Galxe,Beta,Sept 2020,https://illuvium-docs.gitbook.io/illuvium-whitepaper/roadmap,Oct 2020,380000,186000,https://illuvium.io/,,,,,,,,,,,,,,,,,,,,,,,,
Rooniverse,xpfoundry,Phillip,6/22/2023,xpfoundry.com,Discord Ticket,,,,,Yes,5,Available,Raised funds,>10,Using,https://magiceden.io/marketplace/jambo_mambo,Unknown,https://immutascan.io/address/0xba84f0cdcb2006dbbdce78a655be70b08b5dd75c,IMX,Asia,Unknown,Alpha,Nov 2021,https://docsend.com/view/9fbm4ctkfg9r6b6j,Aug 2021,7000,5700,https://www.xpfoundry.com/,,,,,,,,,,,,,,,,,,,,,,,,
Phantom Galaxies,Blowfish Studios,Phillip,6/22/2023,blowfishstudios.com,,,,,,Yes,12,Available,Raised funds,>10,Using,https://opensea.io/collection/phantom-galaxies-origin-collection,Using,https://polygonscan.com/token/0xDfCe1e99A31C4597a3f8A8945cBfa9037655e335,Polygon,Unknown,Unknown,Beta,Jan 2009,https://phantomgalaxies.com/BFS_Phantom_Galaxies_Litepaper.pdf,Aug 2021,"104,000","53,000",https://phantomgalaxies.com/,,,,,,,,,,,,,,,,,,,,,,,,
Bionic Owls,Bionic Owls,Phillip,6/22/2023,bionicowls.io,,Linkedin connected & Twitter DMed,,,,Yes,7,Available,Raising funds,>10,Using,https://etherscan.io/address/0xa8fe27460095dce2b5871e509ea9f92f3fe179b0,Not using yet,,Ethereum,North America,Unknown,Alpha,Jan 2022,https://bionicowls.io/Bionic%20Owls%20WP.pdf,Oct 2021,20900,"5,500",https://bionicowls.io/,,,,,,,,,,,,,,,,,,,,,,,,
DragonMaster,DragonMaster,Phillip,6/22/2023,dragonmastergames.com,,,,,,Yes,12,Available,Raised funds,>10,Using,https://dragonmaster.co/#/marketplace,Using,https://polygonscan.com/token/0x04F177FCacF6fB4d2F95d41d7D3fee8E565cA1d0,Polygon,Europe,Unknown,Post Launch,,https://whitepaper.dragonmaster.co/roadmap,Nov 2021,"45,200","33,900",https://www.dragonmaster.co/#/,,,,,,,,,,,,,,,,,,,,,,,,
The Nemots,The Nemots,Phillip,6/22/2023,thenemots.com,,DMed CMO on Linkedin,,,,No,10,Available,Raised funds,>10,Unknown,,Unknown,,EVM chain,Unknown,Unknown,,,,,10000,10000,,,,,,,,,,,,,,,,,,,,,,,,,
Faraland,Moon Knight Labs,Prasanth,6/23/2023,moonknightlabs.com,,Email CMO,Scheduled,,https://dashboard.thx.network/preview/649bac1f59f16d0fbce2599c,Yes,9,Available,Raised funds,>10,Using,https://faraland.io/heroes,Using,https://bscscan.com/token/0xF4Ed363144981D3A65f42e7D0DC54FF9EEf559A1,BNB,North America,Zealy,,,,,"129,000","17,500",https://faraland.io/,https://www.youtube.com/watch?v=uNNT6f6VGm0,https://twitter.com/faraland_io/status/1610487305181204481,https://discord.com/invite/faraland,852913786691649536,Custom,250,Buy a character from the marketplace,Buy a character from the marketplace,Custom,500,Rent out your account,Rent out your account,Custom,250,Finish a quest,finish a quest you grabbed from helga citadel,Custom,200,Win 20 battles,Win 20 battles,,,,
Metaverse Miner,Metaverse Miner,Prasanth,6/23/2023,NOT FOUND,,closed,,,,No,3,Unknown,Unknown,Unknown,Unknown,,Unknown,,Unknown,Unknown,Unknown,,,,,,,,,,,,,,,,,,,,,,,,,,,,,,,
Grit,Gala Games,Prasanth,6/23/2023,NOT FOUND,,Getting aligned with sales topics if we are to have the followup call,Scheduled,,https://dashboard.thx.network/preview/64ca2fb5aefc41bb48e7abe0,Yes,4,Available,Raised funds,>10,Using,https://opensea.io/collection/playgrit,Unknown,,Ethereum,North America,Unknown,,,,,"2,300","6,100",https://app.gala.games/games/grit,https://www.youtube.com/watch?v=iAUsyelS2-s,N/A,https://discord.com/invite/kCwZquRJ9x,692403822265368626,Custom,125,Kill 5 players with a shotgun,Kill 5 players with a shotgun whilst on a train in trainchase gamemode,Custom,125,Ride the golden horse ,be the person riding the golden horse in this gamemode,Custom,500,Buy a battlepass,Buy a battlepass,Custom,250,Buy a gunslinger box,Buy a gunslinger box,,,,
Xana,NOBORDERZ,Prasanth,6/23/2023,noborderz.com,,DM CEO in Discord or Fill Form,,,,Yes,9,Available,Raised funds,>10,Using,https://opensea.io/collection/xanaland,Using,https://snowtrace.io/token/0x31c994AC062C1970C086260Bc61babB708643fAc,Avalance,Asia,Unknown,,,,,"217,000","163,000",https://xana.net/,,,,,Custom,250,Join Xana festival 5.0,we partnered with amazon music tokyo studio join the event with your own avatar and dance to the music,Custom,50,Win a game in NFT Duel,Win a game in NFT Duel,Custom,500,Claim your shot at XANA DIVA,give it your best shot girls at singing in Xana Diva,Social,50,Join our discord,Join the xana discord,,,,
BurgerCities,BurgerCities,Prasanth,6/23/2023,burgercities.org,,closed,,,,No,10,Available,Raised funds,>10,Unknown,,Unknown,,EVM chain,Unknown,Blockheads,,,,,10000,10000,,,,,,,,,,,,,,,,,,,,,,,,,
Metastrikers,Metastrikers,Prasanth,6/23/2023,NOT FOUND,,"DM CEO , CMO in Discord",,,,Yes,12,Available,Raised funds,>10,Using,https://bcg.metastrikers.xyz/,Unknown,,Polygon,Unknown,Zealy,,,,,"17,900","14,200",https://metastrikers.xyz/,,,,,Custom,100,Create a MetaStrikers account,"Create a MetaStrikers account, and deposit $MATIC in your funding wallet",Custom,150,Buy NFTs,Send $MATIC from your funding wallet to your spending wallet and purchase at least 4 capsules to get 4 Striker NFTs on original marketplace.,Social,50,Retweet latest youtube video,Retweet latest youtube video,Social,50,Join the discord,Join Metastrikers discord,,,,
Mage Wars,Mage Wars,Prasanth,6/23/2023,NOT FOUND,,DM in TG,,,,No,3,Available,No funds raised,Unknown,Not using,,Unknown,,BNB,Unknown,Unknown,,,,,"1,134",,,,,,,,,,,,,,,,,,,,,,,,,,
Roboto Games,Roboto Games,Phillip,6/24/2023,robotogames.com,,,,,,No,9,Unknown,Raised funds,>10,Unknown,,Unknown,,Unknown,Unknown,Unknown,,,,,10000,10000,,,,,,,,,,,,,,,,,,,,,,,,,
Wildcard,Wildcard,Phillip,6/24/2023,alainpaquin.com,,,,,,No,10,Unknown,Raised funds,>10,Unknown,,Unknown,,EVM chain,Unknown,Unknown,,,,,10000,10000,,,,,,,,,,,,,,,,,,,,,,,,,
Faraway,Faraway,Phillip,6/24/2023,farawaylucy.com,,,,,,No,10,Unknown,Raised funds,>10,Unknown,,Unknown,,EVM chain,Unknown,Unknown,,,,,10000,10000,,,,,,,,,,,,,,,,,,,,,,,,,
SunSpear Games,SunSpear Games,Phillip,6/24/2023,sunspeargames.com,,Linkedin connected,,,,No,9,Available,Raised funds,>10,Unknown,,Unknown,,Unknown,Unknown,Unknown,,,,,10000,10000,,,,,,,,,,,,,,,,,,,,,,,,,
,,,6/24/2023,,,,,,,No,3,Unknown,Unknown,Unknown,Unknown,,Unknown,,Unknown,Unknown,Unknown,,,,,,,,,,,,,,,,,,,,,,,,,,,,,,,
Outer Ring MMO,Outer Ring MMO,Phillip,6/24/2023,outerringmmo.com,,Linkedin connected,,,,No,9,Available,Raised funds,>10,Unknown,,Unknown,,Unknown,Unknown,Unknown,,,,,10000,10000,,,,,,,,,,,,,,,,,,,,,,,,,
Summoners Arena: Idle RPG,Summoners Arena: Idle RPG,Phillip,6/24/2023,NOT FOUND,,,,,,No,9,Unknown,Raised funds,>10,Unknown,,Unknown,,Unknown,Unknown,Unknown,,,,,10000,10000,,,,,,,,,,,,,,,,,,,,,,,,,
GuildOfGuardians,GuildOfGuardians,Phillip,6/24/2023,guildofguardians.com,,,,,,No,9,Unknown,Raised funds,>10,Unknown,,Unknown,,Unknown,Unknown,Unknown,,,,,10000,10000,,,,,,,,,,,,,,,,,,,,,,,,,
Treeverse (super high mutual follower ct),EndlessClouds,Phillip,6/24/2023,endlessclouds.xyz,,,,,,No,9,Unknown,Raised funds,>10,Unknown,,Unknown,,Unknown,Unknown,Unknown,,,,,10000,10000,,,,,,,,,,,,,,,,,,,,,,,,,
Koin Games,Koin Games,Phillip,6/24/2023,koingames.io,,"Twitter Contacted, following up since convo died after the chit chat ended and sales discussion started. also sent kevin a linkedin invite which is still pending, I guess he is busy, so followed up on DMs hoping to get a reply soon.",,,,No,9,Available,Raised funds,>10,Unknown,,Unknown,,Unknown,Unknown,Unknown,,,,,10000,10000,,,,,,,,,,,,,,,,,,,,,,,,,
OxalisGames,Moonfrost,Phillip,6/24/2023,moonfrost.io,,,,,,No,9,Unknown,Raised funds,>10,Unknown,,Unknown,,Unknown,Europe,Unknown,,,,,10000,10000,,,,,,,,,,,,,,,,,,,,,,,,,
Elodie Games,Elodie Games,Phillip,6/24/2023,elodie.games,,,,,,No,9,Unknown,Raised funds,>10,Unknown,,Unknown,,Unknown,Unknown,Unknown,,,,,10000,10000,,,,,,,,,,,,,,,,,,,,,,,,,
A16Z GAMES,A16Z GAMES,Phillip,6/24/2023,azgamesonline.com,,,,,,No,9,Unknown,Raised funds,>10,Unknown,,Unknown,,Unknown,Unknown,Unknown,,,,,10000,10000,,,,,,,,,,,,,,,,,,,,,,,,,
World Eternal Online,World Eternal Online,Phillip,6/24/2023,NOT FOUND,,,,,,No,9,Unknown,Raised funds,>10,Unknown,,Unknown,,Unknown,Unknown,Unknown,,,,,10000,10000,,,,,,,,,,,,,,,,,,,,,,,,,
Swoops,Swoops,Phillip,6/24/2023,swoopstaffing.com,,,,,,No,9,Unknown,Raised funds,>10,Unknown,,Unknown,,Unknown,Unknown,Unknown,,,,,10000,10000,,,,,,,,,,,,,,,,,,,,,,,,,
Mokens League,Mokens League,Phillip,6/24/2023,mokensleague.com,,,,,,No,9,Unknown,Raised funds,>10,Unknown,,Unknown,,Unknown,Unknown,Unknown,,,,,10000,10000,,,,,,,,,,,,,,,,,,,,,,,,,
The Harvest: O'Ree-Jin,The Harvest: O'Ree-Jin,Phillip,6/24/2023,NOT FOUND,,,,,,No,9,Unknown,Raised funds,>10,Unknown,,Unknown,,Unknown,Unknown,Unknown,,,,,10000,10000,,,,,,,,,,,,,,,,,,,,,,,,,
Oxya Origin,Oxya Origin,Phillip,6/24/2023,oxyaorigin.com,,,,,,No,9,Unknown,Raised funds,>10,Unknown,,Unknown,,Unknown,Unknown,Unknown,,,,,10000,10000,,,,,,,,,,,,,,,,,,,,,,,,,
Soulbound,Soulbound,Phillip,6/24/2023,soulbound.gg,,,,,,No,9,Unknown,Raised funds,>10,Unknown,,Unknown,,Unknown,Unknown,Unknown,,,,,10000,10000,,,,,,,,,,,,,,,,,,,,,,,,,
STEPN,STEPN,Phillip,6/24/2023,12stepnationalmeetings.com,,Sent out linkedin invites (Discord will be useless here),,,,No,10,Available,Raised funds,>10,Unknown,,Unknown,,EVM chain,Unknown,Unknown,,,,,10000,10000,,,,,,,,,,,,,,,,,,,,,,,,,
BinaryX,BinaryX,Prasanth,6/24/2023,binaryx.pro,,DM Mod in TG or Open Ticket in Discord,Scheduled,,https://dashboard.thx.network/preview/64ca2fbdaefc41bb48e7abfc,Yes,9,Available,Raised funds,Unknown,Using,https://market.binaryx.pro/#/oneoffsale,Using,https://bscscan.com/token/0x5b1f874d0b0C5ee17a495CbB70AB8bf64107A3BD,BNB,North America,TaskOn,,,,,"204,300","131,206",https://www.binaryx.pro/en,https://www.youtube.com/watch?v=lnksdIUIq1E,https://twitter.com/binary_x/status/1665659736442785793,https://discord.com/invite/binaryx,905029894562521108,Custom,250,Complete a quest in Cyberland,Complete a quest in Cyberland,Daily,200,Play project Matthew,Assemble a crew and complete a match in project M,Social,50,Retweet an announcement ,Retweet an announcement,Referral,250,Refer a friend to play one of the games,Refer a friend to play one of the games,,,,
StarryNift,StarryNift,Prasanth,6/24/2023,starrynift.art,,Email or TG DM,,,,Yes,9,Available,Raised funds,2-10,Using,https://opensea.io/collection/starrynift-bnb-chain,Unknown,,BNB,Asia,TaskOn,,,,,"171,000","117,000",https://starrynift.art/,,,,,Daily,50,Chill out in the Metaverse ,Play in the metaverse for 10 minutes and chat with friends,Custom,50,Mint a citizenship card,Mint a citizenship card,Daily,100,Join a co created community space,Join a co created community space,Referral,250,Refer another user ,Refer another user or friend to join a community created space with you in it,,,,
The Beacon,Skillcap Studio,Prasanth,6/24/2023,NOT FOUND,,Discord Ticket,Scheduled,,,Yes,9,Available,No funds raised,>10,Using,https://app.treasure.lol/games/the-beacon,Unknown,,Arbitrum,North America,Unknown,,,,,"67,800","44,000",https://app.thebeacon.gg/,N/A,https://twitter.com/The_Beacon_GG/status/1682482054674493440,https://discord.com/invite/thebeacon,951421342392131584,Custom,250,Mint a founding character,Mint a founding character,Custom,100,List an item on the Trove marketplace,Points for listing an item on the trove marketplace,Daily,100,Complete a dungeon,Complete a dungeon,Social,100,Retweet an announcement,Retweet an announcement,,,,
Treasure,Treasure,Prasanth,6/24/2023,treasureislandmedia.com,,Discord Ticket,,,,Yes,9,Available,Raised funds,>10,Unknown,,Using,https://arbiscan.io/token/0x539bdE0d7Dbd336b79148AA742883198BBF60342,Arbitrum,Unknown,Unknown,,,,,"143,000","31,000",https://treasure.lol/,,,,,Daily,100,Play one of treasures partner games,Play one of treasures partner games,Daily,100,Earn some MAGIC ,Earn MAGIC by playing bridgeworld,Custom,250,Become a staked MAGIC holder,Stake your MAGIC,Custom,500,Participate in snapshot voting ,Participate in snapshot voting ,,,,
Honor World,Honor World,Prasanth,6/24/2023,honorworld.io,,Discord or TG DM,,,,No,10,Available,No funds raised,Unknown,Using,https://opensea.io/collection/honor-world-genesis-nft,Using,https://arbiscan.io/token/0xbcc9c1763d54427bdf5efb6e9eb9494e5a1fbabf,EVM chain,Unknown,TaskOn,,,,,"21,700","10,000",,,,,,,,,,,,,,,,,,,,,,,,,
Nine Chronicles,Planetarium Labs,Prasanth,6/24/2023,planetariumlabs.com,,Email,,,,No,9,Available,Raised funds,>10,Not using,,Unknown,https://etherscan.io/token/0xf203Ca1769ca8e9e8FE1DA9D147DB68B6c919817,Ethereum,Asia,Unknown,,,,,"126,000","70,000",,,,,,,,,,,,,,,,,,,,,,,,,
MetaSoccer,Champion Games,Prasanth,6/25/2023,championgames.com,,DM Guhs in Discord,Contacted,,https://dashboard.thx.network/preview/64be30a42ac414538a33584b,Yes,12,Available,Raised funds,>10,Using,https://opensea.io/collection/metasoccer-youth-scouts,Using,https://polygonscan.com/token/0xe8377a076adabb3f9838afb77bee96eac101ffb1,Polygon,Europe,Unknown,,,,,"119,500","11,740",https://metasoccer.com/,,,,,Daily,100,Train your metasoccor character,Train your metasoccor character and get his stats up,Social,listen to interview ,Listen to one of the interviews on youtube with one of the players,,Social,100,Vote in a twitter poll,vote in our twitter poll ,Social,50,Join Metasoccor's Discord,Points for joining metasoccors discord,,,,
CryptoBlades,Riveted Games,Prasanth,6/25/2023,rivetedtechnology.com,,Email,Scheduled,,,Yes,9,Available,No funds raised,>10,Using,https://bazaar.market/dashboard,Using,https://bscscan.com/address/0x154a9f9cbd3449ad22fdae23044319d6ef2a1fab,BNB,North America,Unknown,,,,,"174,000","70,610",https://www.cryptoblades.io/,https://www.youtube.com/watch?v=_317oWPYtRk,https://twitter.com/CryptoBlades/status/1683126591818194944,N/A,N/A,Custom,100,Buy Skill on Apeswap ,Buy Skill on apeswap using a crypto wallet,Custom,50,Buy a second weapon,Points for buying a second weapon,Custom,1000,Gas guzzler,Spend total of 200 dollars on gas playing this game,Referral,250,Refer a friend to play,Refer a friend to play and have him defeat all elements ,,,,
X World Games,X World Games,Prasanth,6/25/2023,xwg.games,,Form or Email,,,,Yes,10,Available,Raised funds,>10,Using,https://app.xwg.games/#/pages/market/market2.0,Using,https://bscscan.com/token/0x6b23c89196deb721e6fd9726e6c76e4810a464bc,EVM chain,Asia,TaskOn,,,,,"209,000","76,800",https://xwg.games/,,,,,Daily,50,Play Dream Card,Rewards for playing Play Dream Card on your android device,Custom,250,Buy a dream card from marketplace,Points for buying a dream card from marketplace,Referral,100,Write a Twitter review ,Write a Twitter review about one of our games,Custom,500,Stake your NFT/Tokens,Points for staking your NFT/Tokens,,,,
TOWER Ecosystem,Animoca Brands,Prasanth,6/25/2023,animocabrands.com,,Email,,,,Yes,12,Available,No funds raised,>10,Using,https://opensea.io/TOWER-Token,Using,https://polygonscan.com/token/0x2bc07124d8dac638e290f401046ad584546bc47b,Polygon,Asia,Blockheads,,,,,"70,900","12,600",https://crazydefenseheroes.com/,,,,,Custom,150,Complete a Co-op Battle ,Points for completing a Co-op Battle ,Daily,250,Claim rewards from Crazy Defense Heroes ,Own at least 1 TOWER Battle Card NFT or TOWER Ticket NFT to claim rewards from Crazy Defense Heroes,Social,250,Make a purchase from the $TOWER store ,250 points for making a purchase from the $TOWER store ,Social,50,Join Animoca brands Discord,Points for joining Animoca Brands discord,,,,
PokeTowns,PokeTowns,Prasanth,6/25/2023,poketowns.com,,,,,,No,3,Unknown,No funds raised,Unknown,Using,https://opensea.io/collection/poketown,Unknown,,BNB,Unknown,Unknown,,,,,15,,,,,,,,,,,,,,,,,,,,,,,,,,
Karmaverse Zombie,Karmaverse,Prasanth,6/25/2023,karmaverse.io,,Form or CMO Email,Contacted,,https://dashboard.thx.network/preview/64be30972ac414538a33580d,Yes,12,Available,Raised funds,>10,Using,https://opensea.io/collection/karmaverse-zombie-fighter,Using,https://polygonscan.com/token/0x623a1350f6B749575F92Ea54D0F745f9F07D3665,Polygon,Europe,TaskOn,,,,,"90,000","49,000",https://karmaverse.io/karmaversezombie,,,,,Custom,100,Asign a fighter to collect food,Asign one your fighters to farm and collect food,Custom,200,Complete a raid ,Rewards for completing a raid against another player in PVP season ,Referral,50,Refer a user succesfully and have them play the game,Refer a user and participate in our xxx$ giveaway and bonus xx$ for each user,Social,50,Retweet our referal campaign,points for retweeting our referral campaign,,,,
DeHeroGame,MIXMARVEL,Prasanth,6/25/2023,mixmarvel.com,,Email,,,,Yes,9,Available,Raised funds,>10,Using,https://opensea.io/collection/dehero-card,Using,https://bscscan.com/token/0x261510Dd6257494eEA1DDA7618DBe8a7b87870dd,BNB,Asia,TaskOn,,,,,"25,600","18,800",https://www.dehero.co/,,,,,Custom,250,Buy a Dehero Card from Opensea,Buy a Dehero Card from Opensea,Custom,500,Stake coin RPG,rewards for staking your coins providing liquidity in the LP mining pool,Social,50,Retweet announcement,retweet a twitter announcment ,Daily,50,Play a game ,Play a game after buying an NFT card,,,,
Oval3,BAMG Sports,Phillip,6/26/2023,NOT FOUND,,Linkedin/email,,,,No,9,Available,Raising funds,>10,Unknown,,Unknown,,Unknown,Unknown,Unknown,,,,,10000,10000,,,,,,,,,,,,,,,,,,,,,,,,,
Starheros,Starheroes,Phillip,6/26/2023,starheroes.io,,,,,,No,9,Unknown,Raised funds,>10,Unknown,,Unknown,,Unknown,Asia,Unknown,,,,,10000,10000,,,,,,,,,,,,,,,,,,,,,,,,,
Imaginaryones,Imaginaryones,Phillip,6/26/2023,imaginaryones.com,,,,,,No,9,Unknown,Raised funds,>10,Unknown,,Unknown,,Unknown,Unknown,Unknown,,,,,10000,10000,,,,,,,,,,,,,,,,,,,,,,,,,
Octo-Gaming,Bet on you,Phillip,6/26/2023,betonyourselfclothing.org,,"Linkedin connected, tried to make contact a day or so ago, nothing yet, following up today",,,,No,9,Available,Raised funds,>10,Unknown,,Unknown,,Unknown,Unknown,Unknown,,,,,10000,10000,,,,,,,,,,,,,,,,,,,,,,,,,
Mobaverse,Mobaverse,Phillip,6/26/2023,NOT FOUND,,,,,,No,9,Unknown,Raised funds,>10,Unknown,,Unknown,,Unknown,Unknown,Unknown,,,,,10000,10000,,,,,,,,,,,,,,,,,,,,,,,,,
Fighter Era Odyssey,Fighter Era Odyssey,Phillip,6/26/2023,NOT FOUND,,,,,,No,9,Unknown,Raising funds,>10,Unknown,,Unknown,,Unknown,Unknown,Unknown,,,,,10000,10000,,,,,,,,,,,,,,,,,,,,,,,,,
Mythic Realms,Mythic Realms,Phillip,6/26/2023,mythicrealms.com,,,,,,No,9,Unknown,No funds raised,>10,Unknown,,Unknown,,Unknown,Unknown,Unknown,,,,,10000,10000,,,,,,,,,,,,,,,,,,,,,,,,,
Vortex,Vortex,Phillip,6/26/2023,vortexoptics.com,,,,,,No,9,Unknown,No funds raised,>10,Unknown,,Unknown,,Unknown,Unknown,Unknown,,,,,10000,10000,,,,,,,,,,,,,,,,,,,,,,,,,
Mighty Action Heroes,Mighty Bear Games,Phillip,6/26/2023,mightybeargames.com,,Linkedin connected,,,,No,9,Available,Raised funds,>10,Unknown,,Unknown,,Unknown,Unknown,Unknown,,,,,10000,10000,,,,,,,,,,,,,,,,,,,,,,,,,
Britaria,Britaria,Phillip,6/26/2023,britaria.io,,,,,,No,9,Unknown,Raised funds,>10,Unknown,,Unknown,,Unknown,Unknown,Unknown,,,,,10000,10000,,,,,,,,,,,,,,,,,,,,,,,,,
Domenation,Blackmouth Games,Phillip,6/26/2023,blackmouthgames.com,,Linkedin connected,,,,No,9,Available,Raised funds,>10,Unknown,,Unknown,,Unknown,Unknown,Unknown,,,,,10000,10000,,,,,,,,,,,,,,,,,,,,,,,,,
Apeiron,Aither Entertainment,Prasanth,6/29/2023,aitherentertainment.com,,Form or Discord Ticket,,,,Yes,12,Available,Raised funds,>10,Using,https://opensea.io/collection/apeironplanet,Using,https://polygonscan.com/token/0x24f9b0837424c62d2247d8a11a6d6139e4ab5ed2,Polygon,Asia,Zealy,,,,,"137,000","37,500",https://apeironnft.com,,,,,Custom,250,Unlock 5 apostoles,Unlock 5 apostoles and play them at least once,,50,Use your first totem tablet,Use your first totem tablet in game ,,200,Buy an item in the ingame shop,points for buying an item,Referral,200,Refer a friend,Refer a friend and have them reach and complete depth 3,,,,
Lordofdragons,N/A,Phillip,6/29/2023,navyfederal.org,,,,,,No,3,Unknown,Unknown,Unknown,Unknown,,Unknown,,Unknown,Unknown,Unknown,,,,,,,,,,,,,,,,,,,,,,,,,,,,,,,
Supercell,,Phillip,6/29/2023,,,,,,,No,9,Unknown,Raised funds,>10,Unknown,,Unknown,,Unknown,Unknown,Unknown,,,,,10000,10000,,,,,,,,,,,,,,,,,,,,,,,,,
Burn ghost games,Burn ghost games,Phillip,6/29/2023,NOT FOUND,,,,,,No,3,Unknown,Unknown,Unknown,Unknown,,Unknown,,Unknown,Unknown,Unknown,,,,,,,,,,,,,,,,,,,,,,,,,,,,,,,
Yomigames,Yomigames,Phillip,6/29/2023,yomigardens.com,,,,,,No,3,Unknown,Unknown,Unknown,Unknown,,Unknown,,Unknown,Unknown,Unknown,,,,,,,,,,,,,,,,,,,,,,,,,,,,,,,
Cybertitans,litlab-games,Phillip,6/29/2023,litlabgames.com,,,,,,No,9,Unknown,Raised funds,>10,Unknown,,Unknown,,Unknown,Unknown,Unknown,,,,,10000,10000,,,,,,,,,,,,,,,,,,,,,,,,,
helix metaverise,N/A,Phillip,6/29/2023,navyfederal.org,,,,,,No,3,Unknown,Unknown,Unknown,Unknown,,Unknown,,Unknown,Unknown,Unknown,,,,,,,,,,,,,,,,,,,,,,,,,,,,,,,
Pixelmon,LiquidX Studio,Phillip,6/29/2023,liquidxgroup.xyz,,,,,,No,9,Unknown,Raised funds,>10,Unknown,,Unknown,,Unknown,Unknown,Unknown,,,,,10000,10000,,,,,,,,,,,,,,,,,,,,,,,,,
Castaways,Branch,Phillip,6/29/2023,branch.io,,,,,,No,9,Unknown,Raised funds,Unknown,Unknown,,Unknown,,Unknown,Unknown,Unknown,,,,,10000,10000,,,,,,,,,,,,,,,,,,,,,,,,,
Wolvesdao,N/A,Phillip,6/29/2023,navyfederal.org,,,,,,No,3,Unknown,Unknown,Unknown,Unknown,,Unknown,,Unknown,Unknown,Unknown,,,,,,,,,,,,,,,,,,,,,,,,,,,,,,,
dfiance,N/A,Phillip,6/29/2023,navyfederal.org,,,,,,No,3,Unknown,Unknown,Unknown,Unknown,,Unknown,,Unknown,Unknown,Unknown,,,,,,,,,,,,,,,,,,,,,,,,,,,,,,,
Mixmob,N/A,Phillip,6/29/2023,navyfederal.org,,,,,,No,9,Unknown,Raised funds,>10,Unknown,,Unknown,,Unknown,Unknown,Unknown,,,,,10000,10000,,,,,,,,,,,,,,,,,,,,,,,,,
Sabai ecoverse,N/A,Phillip,6/29/2023,navyfederal.org,,,,,,No,3,Unknown,Unknown,Unknown,Unknown,,Unknown,,Unknown,Unknown,Unknown,,,,,,,,,,,,,,,,,,,,,,,,,,,,,,,
kaiju cards,N/A,Phillip,6/29/2023,navyfederal.org,,,,,,No,3,Unknown,Unknown,Unknown,Unknown,,Unknown,,Unknown,Unknown,Unknown,,,,,,,,,,,,,,,,,,,,,,,,,,,,,,,
kuroro Beasts,Trudan Studios,Phillip,6/29/2023,NOT FOUND,,,,,,No,9,Unknown,Raised funds,>10,Unknown,,Unknown,,Unknown,Unknown,Unknown,,,,,10000,10000,,,,,,,,,,,,,,,,,,,,,,,,,
Battlefly,N/A,Phillip,6/29/2023,navyfederal.org,,,,,,No,9,Unknown,Raised funds,>10,Unknown,,Unknown,,Unknown,Unknown,Unknown,,,,,10000,10000,,,,,,,,,,,,,,,,,,,,,,,,,
Bitmates,N/A,Phillip,6/29/2023,navyfederal.org,,,,,,No,3,Unknown,Unknown,Unknown,Unknown,,Unknown,,Unknown,Unknown,Unknown,,,,,,,,,,,,,,,,,,,,,,,,,,,,,,,
Hytale,Hypixel Studios,Phillip,6/29/2023,hypixelstudios.com,,,,,,No,9,Unknown,Raised funds,>10,Unknown,,Unknown,,Unknown,Europe,Unknown,,,,,10000,10000,,,,,,,,,,,,,,,,,,,,,,,,,
pufdao,N/A,Phillip,6/29/2023,navyfederal.org,,,,,,No,3,Unknown,Unknown,Unknown,Unknown,,Unknown,,Unknown,Unknown,Unknown,,,,,,,,,,,,,,,,,,,,,,,,,,,,,,,
Threads of Time,RiyoGames,Phillip,6/29/2023,NOT FOUND,,,,,,No,9,Unknown,Raised funds,>10,Unknown,,Unknown,,Unknown,Unknown,Unknown,,,,,10000,10000,,,,,,,,,,,,,,,,,,,,,,,,,
Tako Boy Studios,Tako Boy Studios,Phillip,6/29/2023,takoboystudios.com,,,,,,No,9,Unknown,Raised funds,Unknown,Unknown,,Unknown,,Unknown,Unknown,Unknown,,,,,10000,10000,,,,,,,,,,,,,,,,,,,,,,,,,
Aiarena,Arena XLABS,Phillip,6/29/2023,arenaxlabs.com,,,,,,No,9,Unknown,Raised funds,>10,Unknown,,Unknown,,Unknown,Unknown,Unknown,,,,,10000,10000,,,,,,,,,,,,,,,,,,,,,,,,,
ETHER,,Phillip,6/29/2023,,,,,,,No,3,Unknown,Unknown,Unknown,Unknown,,Unknown,,Unknown,Unknown,Unknown,,,,,,,,,,,,,,,,,,,,,,,,,,,,,,,
Skyborne Legacy,Revolving Games,Prasanth,6/29/2023,revolvinggames.com,,Closed,,,,No,10,Available,Raised funds,>10,Unknown,,Unknown,,EVM chain,Unknown,Unknown,,,,,10000,10000,,,,,,,,,,,,,,,,,,,,,,,,,
Lifeform,Lifeform,Prasanth,6/29/2023,360lifeformazione.it,,"DM in DIscord , Email CMO",,,,Yes,9,Available,Raised funds,2-10,Using,https://market.lifeform.cc/,Using,https://bscscan.com/token/0xa2b2a7774e29f13E17F95b0fc9c0722e7Be36E49,BNB,Unknown,Galxe,,,,,"109,000","76,500",https://lifeform.cc/,,,,,Custom,250,Finish creating your first digital citizen,rewards for finishing and creating your first digital citizen in our editer,Social,50,Retweet an announcment,points for retweeting an announcment,Custom,250,Connect your avatar to a social platform,"Points for connecting your avatar to as Google Meet, Zoom, Tiktok, Discord, etc.",Custom,100,Buy an avatar,Buy an avatar already created on the marketplace,,,,
Sunflower Land,Thought Farm,Prasanth,6/30/2023,thoughtfarmer.com,,"Form , Twitter DM , Discord DM",,,,Yes,12,Available,No funds raised,>10,Using,https://opensea.io/collection/sunflower-land-collectibles,Using,https://polygonscan.com/token/0xd1f9c58e33933a993a3891f8acfe05a68e1afc05,Polygon,Oceania,Blockheads,,,,,"40,800","72,500",https://sunflower-land.com/,,,,,Custom,250,Expand your land ,Expand your land after recieving your first bumpkin NFT,Custom,50,Customize your bumpkin ,Customize your bumpkin with bumpkin items from the bumpkin store,Custom,50,Harvest your first sunflowers ,Harvest your first 3 free sunflowers at the start of the game,Daily,25,Cook some food ,Cooked some food on the fire pit in game,,,,
Eldarune,Digard,Prasanth,6/30/2023,digard.online,,Not accepting collabs,,,,Yes,9,Available,Raised funds,>10,Using,https://opensea.io/collection/elda-runes-nft-box,Using,https://bscscan.com/token/0xab2ed911BDbeA001FD3B29AdbC35d8a76E68aAe4,BNB,Unknown,Zealy,,,,,"179,000","114,700",https://www.eldarune.com/,,,,,Custom,250,Craft 50 Recipies!,Craft 50 Recipies!,Daily,500,King of the Sultans,Slay 15 Sultan crabs lol,Custom,100,Get your first legendary item,Get your first legendary item,Daily,200,Complete 3 in game quests,Complete 3 in game quests,,,,
Kryptofighters,Maxma Game Studio,Prasanth,6/30/2023,NOT FOUND,,"Form , Twitter DM , Discord DM",,,,Yes,12,Available,No funds raised,>10,Using,https://opensea.io/collection/kf-genesis-fighter,Unknown,https://kryptofighters.io/buy-tokens/,Polygon,Asia,Galxe,,,,,"49,100","50,000",https://kryptofighters.io/,,,,,Custom,50,Have one of your fighters burnout/panic,have one of your fighters burnout or panic during a fight,Daily,100,Complete 3 matches,Complete 3 matches,Social,250,grab a friend,Grab a friend to play and have him unlock all achievements,Daily,500,Upgrade to level 6,Upgrade your character to level 6 using currency,,,,
League of Kingdoms,NOD Games,Prasanth,6/30/2023,nodgames.com,,DM Satoshi in Discord,,,,Yes,12,Available,Raised funds,>10,Using,https://opensea.io/collection/league-of-kingdoms,Using,https://etherscan.io/token/0x61e90a50137e1f645c9ef4a0d3a4f01477738406,Polygon,Asia,Galxe,,,,,"111,500","61,112",https://www.leagueofkingdoms.com/,,,,,Daily,100,"Harvest 500 of any resource ie lumber, stone,gold,food","Harvest 500 of any resource ie lumber, stone,gold,food on the in game quests",Referral,500,Refer a friend to play Leauge of Kindoms ,Refer a friend to play Leauge of Kindoms and have them go out on 3 expetitions,Daily,500,The expetitioner,complete a total of 500 expetitions,Social,50,Retweet an announcent,Retweet an announcent,,,,
Playember,Playember,Prasanth,7/1/2023,playember.com,,CEO & CMO DM in Twitter,,,,No,4,Available,Raised funds,>10,Unknown,,Unknown,,NEAR,Europe,Unknown,,,,,"5,145",,,,,,,,,,,,,,,,,,,,,,,,,,
Walker World,Walker Labs,Prasanth,7/1/2023,walkerworld.io,,Discord Ticket,Contacted,,https://dashboard.thx.network/preview/64be2d722ac414538a335215,Yes,10,Available,Raised funds,>10,Using,https://opensea.io/collection/walkerworldgenesiswalkers,Unknown,,EVM chain,Europe,Zealy,,,,,19400,11200,https://walkerworld.io/,,,,,Custom,200,Chaos Unleashed,Eliminate 5 players in Walker world and destroy a structure,Custom,500,Pick up an NFT from Opensea,Buying an NFT asset on Opensea,Custom,500,Covering ground,travel 5000kms in total around in your vehicle,Referral,200,Refer a friend ,Refer a friend and interact with them in game,,,,
Otherside,Yuga Labs,Prasanth,7/1/2023,yuga.com,,Not Doing Collabs Now,Scheduled,,,Yes,10,Available,Raised funds,>10,Using,https://opensea.io/collection/otherdeed,Unknown,,EVM chain,North America,Unknown,,,,,"263,000","164,401",https://otherside.xyz/,https://www.youtube.com/watch?v=qt1equGhkQE,https://twitter.com/OthersideMeta/status/1684756832265621504,https://discord.com/invite/the-otherside,961114489414094898,Custom,200,Set the kodas free,complete the first mission in the second zone with your team,Custom,200,Defeat the Koda boss with other voyagers,Defeat the Koda boss with other voyagers,Social,50,spread the word,Rewards for sharing the youtube content https://www.youtube.com/@YugaLabs,Social,50,Join our Discord,https://discord.com/invite/the-otherside,,,,
PlayMining,Digital Entertainment Asset,Prasanth,7/1/2023,dea.sg,,Email,,,,Yes,10,Available,Raised funds,>10,Using,https://daa.playmining.com/market,Using,https://bscscan.com/token/0xcaf5191fc480f43e4df80106c7695eca56e48b18,EVM chain,Asia,Unknown,,,,,"34,400","36,660",https://playmining.com/,,,,,Daily,50,Play Cookin' Burger,rewarded for playing Cookin' Burger for 5 minutes,Custom,250,Play jobtribes and defeat an opponent,Play jobtribes and defeat an opponent,Daily,50,Spend 30 mins on the website ,Spend 30 mins on the website ,Social,50,Watch this video,https://www.youtube.com/watch?v=Rlq2A1lUU1Y,,,,
Puffverse,Puffverse,Prasanth,7/1/2023,puffverse.pro,,"Form , Email",,,,No,9,Not available,Raised funds,Unknown,Using,https://tofunft.com/discover/items?contracts=58373,Unknown,,BNB,Unknown,Galxe,,,,,"122,800","42,134",,,,,,,,,,,,,,,,,,,,,,,,,
Rivermen,Rivermen,Prasanth,7/1/2023,rivermenrodandgunclub.com,,Discord Ticket,,,,Yes,9,Available,Raised funds,>10,Using,https://opensea.io/collection/rivermen,Using,https://etherscan.io/token/0xcfff4c8c0df0e2431977eba7df3d3de857f4b76e,Ethereum,Asia,Galxe,,,,,"31,100","19,100",https://rivermen.io/,,,,,Custom,250,Download the game,Download and play the game when it comes out,Social,50,Watch our neat video showing the Qingming Festival,https://www.youtube.com/watch?v=zztZRkL38wU,Custom,500,Pick up a character or building from opensea,buy a character,Daily,100,Explore the metaverse,Explore the metaverse,Custom,250,Place your first rivermen estate in the world,Place your first rivermen estate in the world
SkyVerse,Side.xyz,Prasanth,7/1/2023,4side.xyz,,Discord Ticket,,,,Yes,12,Available,Raised funds,>10,Using,https://opensea.io/collection/side-cards,Unknown,https://etherscan.io/token/0x5A3153ae94E9FE2ECfdBD7BA7284C51560cb7aEe,Polygon,Asia,Unknown,,,,,"134,000","26,500",https://skyversenft.com/,,,,,Social,100,Join our Discord,points for joining https://discord.com/invite/SkyVerseOfficial,Custom,200,Stake your NFT for $SKY ,Stake your NFT for $SKY ,Social,100,Follow our Twitter,Follow our Twitter https://twitter.com/SkyVerseNFT,Referral,250,Refer a friend to make an opensea purchause ,Refer a friend to make an opensea purchause ,,,,
Overworld,Xterio,Prasanth,7/1/2023,xterior.nl,,Linkedin,,,https://dashboard.thx.network/preview/64be2d622ac414538a3351e5,Yes,6,Available,Raised funds,>10,Using,https://opensea.io/collection/overworld-key,Unknown,,Ethereum,Europe,Galxe,,,,,"43,700",,https://overworld.games/,,,,,Custom,250,Early supporter,Acquire one of the NFTs in Overworld,Custom,50,Victory Dash,Win a race in Puffverse,Custom,50,The Unfallen Champion Puff,Win Emergency Moments Without Falling Through The Floor,Custom,100,Age of Dino Awaits,Pre Register to Age of Dino,Social,25,X force one,Follow us on Twitter (X)
Derby Stars,Derby Stars,Prasanth,7/1/2023,NOT FOUND,,Discord Ticket,,,,Yes,12,Available,Raised funds,Unknown,Using,https://opensea.io/collection/derbystars,Unknown,,Polygon,Asia,Galxe,,,,,"73,000","46,000",https://derbystars.com/,,,,,Daily,50,Use Skill 3 times in a race,Use Skill 3 times in a race,Custom,250,run a race and complete all sub objectives,run a race and complete all sub objectives,Custom,500,Collect 2500 VP,Collect 2500 VP from winning races,Social,50,Share our trailer,https://www.youtube.com/watch?v=glOl7dhcAVA,,,,
Mining Network,Mining Network,Prasanth,7/2/2023,miningnetwork.co.uk,,Telegram DM or Discord Ticket,,,,No,5,Not available,No funds raised,Unknown,Using,https://miningnetwork.io/?w=market,Unknown,,WAX,Europe,Unknown,,,,,"6,880","6,970",,,,,,,,,,,,,,,,,,,,,,,,,
Aurory,Aurory,Prasanth,7/2/2023,aurory.io,,"Telegram DM , Discord DM",,,,Yes,9,Available,Raised funds,>10,Using,https://opensea.io/collection/aurory,Unknown,,Unknown,Unknown,Galxe,,,,,10000,10000,https://aurory.io/,,,,,Daily,250,Hatch an egg,points for hatching an incubated egg,Daily,100,buy an egg from NFT marketplace,points for buying an NFT,Social,50,share/like/sub our latest video,https://www.youtube.com/watch?v=KmHdqDwuCN0,Custom,200,5 hours played,Play the game for 5 hours,,,,
Warsaken,Eclectic Nerds,Prasanth,7/2/2023,NOT FOUND,,Discord DM CMO,,,,Yes,9,Available,Raised funds,Unknown,Using,https://warsaken.cards/store,Unknown,,WAX,Unknown,Unknown,,,,,"11,200","14,000",https://www.warsaken.com/,,,,,Custom,250,Genisis of fortune,Visit the digital store and buy a premium pack,Custom,100,Ready player now,Warsaken Beginner: Master the Onboarding Guide and play the game!,Daily,25,Twitch Viewer,Watch a game being played live on Twitch TV,Referral,250,Brotherhood in arms,Invite a friend and have them make store purchause ,,,,
Town Star,Gala Games,Prasanth,7/2/2023,NOT FOUND,,,Scheduled,,,Yes,9,Available,Raised funds,>10,Using,https://opensea.io/collection/town-star,Using,https://etherscan.io/token/0x3Dd98C8A089dBCFF7e8FC8d4f532BD493501Ab7F,Ethereum,North America,Unknown,,,,,"16,900","190,864",https://townstar.com/,https://www.youtube.com/watch?v=golQH6H1M6M,https://twitter.com/TownStarGame/status/1666467626216747015,https://discord.com/invite/kCwZquRJ9x,692403822265368626,Social,100,Town Star Champion,Achieve a top 10 rank in the leaderboards,Daily,50,Competition Challenger,Enter one of the competitions,Daily,500,Hyperinflation incoming!,"Spend over 50,000 In the in game store at once",Social,50,Go Gala Go,Join the Gala Games Discord,,,,
Wolf Game,Wolf Game,Prasanth,7/2/2023,wolfgame.com,,Discord DM CMO,,,,No,9,Available,No funds raised,Unknown,Using,https://opensea.io/collection/wolf-game,Using,https://etherscan.io/token/0x8355dbe8b0e275abad27eb843f3eaf3fc855e525,Ethereum,Unknown,Unknown,,,,,"64,400","34,500",,,,,,,,,,,,,,,,,,,,,,,,,
Elfin Kingdom,Elfin Games,Prasanth,7/2/2023,elfin.games,,Email,,,,Yes,9,Available,Raised funds,>10,Using,https://opensea.io/collection/elfin-bnb,Unknown,,BNB,Asia,Galxe,,,,,"88,000","16,200",https://elfinkingdom.com/,,,,,Social,100,Watch latest introduction video,This was released 9hrs ago so looks good here https://www.youtube.com/watch?v=oMPvPn_APoU,Custom,250,Get started ,Buy an elfin from the marketplace,Custom,500,score 75 pts in Bazzor Adventure ,score 75 pts in Bazzor Adventure https://www.youtube.com/watch?v=Hav7PFKvGW0 (similar to flappy birds) quite a few web3 games have cloned this,Custom,50,Daily reward for genisis elfin holders,Daily reward for genisis elfin holders,,,,
Hero Blaze : Three Kingdoms,Natris,Prasanth,7/2/2023,natrisoft.nl,,Email,,,,No,9,Available,No funds raised,Unknown,Using,https://heroblaze3kd.io/exchange,Using,https://bscscan.com/token/0x5e7f472b9481c80101b22d0ba4ef4253aa61dabc,BNB,Asia,Unknown,,,,,10000,10000,,,,,,,,,,,,,,,,,,,,,,,,,
Smolverse,Treasure,Prasanth,7/2/2023,treasureislandmedia.com,,Same deal of Treasure,,,,Yes,9,Available,Raised funds,>10,Using,https://app.treasure.lol/games/smolverse?tab=collections,Using,https://arbiscan.io/token/0x539bdE0d7Dbd336b79148AA742883198BBF60342,Arbitrum,Unknown,Unknown,,,,,"56,100","18,000",https://www.smolverse.lol/,,,,,Social,100,Like and share a twitter post,Like and share a twitter post,Custom,250,Buy one of three Smol NFTs,Buy one of three Smol NFTs from marketplace,Social,50,Join our Discord,Points for joining smolverse's discord channel,Daily,100,Subscribe to our youtube,https://www.youtube.com/@smolverse,,,,
Reta Wars,Reta Wars,Prasanth,7/2/2023,retawars.com,,Email,,,,Yes,8,Available,No funds raised,>10,Using,https://opensea.io/collection/retawars-hero,Unknown,https://bscscan.com/token/0x829555f1197171D35Ec51C095E27b47A246aC6A6,EVM chain,Asia,Zealy,,,,,10000,"5,400",https://retawars.com/,,,,,Custom,100,Hire an NFT hero and use him,Hire an NFT hero to produce resources,Daily,100,Contribute to a faction,use your resources to contribute to a faction your part of,Daily,100,upgrade ,Upgrade either your hero or terratory,Social,50,retweet our game explainer video,https://www.youtube.com/watch?v=neMVEYUhkiU,,,,
X Winner,X Winner,Prasanth,7/2/2023,10xwinners.com,,Discord Ticket,,,,No,7,Available,No funds raised,2-10,Unknown,,Unknown,,BNB,North America,Galxe,,,,,"46,000","8,950",,,,,,,,,,,,,,,,,,,,,,,,,
DracooMaster,Radbug Singapore,Prasanth,7/5/2023,NOT FOUND,,Email or DM In TG,,,,No,6,Available,No funds raised,2-10,Using,https://opensea.io/collection/dracoo-master-bnb,Using,https://bscscan.com/token/0x40FfAFcd7415ed2F7A902312407181140Ad14E68,BNB,Asia,Unknown,,,,,"128,000","1,747",,,,,,,,,,,,,,,,,,,,,,,,,
Labrado,Blokparti,Prasanth,7/5/2023,NOT FOUND,,"Form , Email",,,,No,9,Not available,No funds raised,>10,Unknown,,Using,https://bscscan.com/token/0x84d8df3098243f5b30ebedbb9f982f4095f1a426,BNB,Asia,Unknown,,,,,"12,000","12,000",,,,,,,,,,,,,,,,,,,,,,,,,
Blankos Block Party,Mythical Games,Prasanth,7/6/2023,mythicalgames.com,,Linkedin,,,,Yes,10,Available,Raised funds,>10,Using,https://opensea.io/collection/blankosblockparty,Not using,,EVM chain,Unknown,Unknown,,,,,10000,10000,https://blankos.com/,,,,,Custom,250,Ultimate brawl champ,Grab a friend and vs your Blanko in a brawl battle,Custom,100,Dress up your blanko,fit your blanko with a cool item (sold from marketplace?),Custom,150,Play a level,Play a blankos level someone else has created ,,50,Stepped in lava,Stepped in a lava puddle in a level,,,,
Archloot,Archloot,Prasanth,7/6/2023,archloot.com,,Email & Discord Ticket,,,,Yes,9,Available,Raised funds,>10,Using,https://www.binance.com/en-IN/nft/mystery-box/collection/archloot-mystery-box-251965728797728768?isBack=1,Using,https://bscscan.com/token/0x1BD55090B8878630E57FAE6eBd11FD61d16DFC9f,BNB,Asia,Unknown,,,,,"88,600","37,000",https://archloot.com/,,,,,Custom,250,bodyparts (cant think of a name lol),Equipt your character with the maximum of 10 bodyparts,Daily,50,enhance your organs,interact with the residence at your homestead and enhance your upgrades for organs,Daily,250,Complete in game quest,complete an in game quest,Custom,250,Hatch 50 eggs ,Hatch 50 eggs on your battle journey,Daily,100,Play multiplayer competitive mode,Self explanatory you can do a 1v1 pvp battle with other people online
Fableborne,Pixion Games,Prasanth,7/6/2023,pixiongames.com,,"Form , Email",,,,No,7,Available,Raised funds,>10,Not using,,Not using,,Avalance,Europe,Unknown,,,,,"13,000","5,200",,,,,,,,,,,,,,,,,,,,,,,,,
Pomerium,Pomerium,Prasanth,7/6/2023,pomerium.space,,TG DM or Discord Ticket,,,,Yes,9,Available,Raised funds,>10,Using,https://tofunft.com/collection/pomerium/items,Using,https://bscscan.com/token/0x0733618Ab62eEEC815f2d1739b7a50bF9E74d8a2,BNB,Asia,Galxe,,,,,"88,000","60,000",https://pomerium.space/,,,,,Custom,100,Decorate your character in Pome Run!,Reward for customizing your character and then playing a game of Pome Run,Custom,500,Reach the leaderboards,Reach the leaderboards,Social,100,Watch the youtube show,https://www.youtube.com/watch?v=xpPfHZ7w4_w episode 1,Daily,50,a game of Pome a day keeps elon musk away,Play a game of pome runner every day,,,,
My Crypto Heroes,Double Jump,Prasanth,7/7/2023,doublejumpvideogames.com,,TG DM or Discord DM,,,,Yes,12,Available,Raised funds,>10,Using,https://opensea.io/collection/mycryptoheroes,Using,https://polygonscan.com/token/0xee7666aacaefaa6efeef62ea40176d3eb21953b9,Polygon,Asia,Zealy,,,,,"30,900","32,650",https://www.mycryptoheroes.net/,,,,,Custom,100,Play as Scholar,"Play as Scholar, rent your NFT from the marketplace and try the game",Daily,100,Ready to rumble,Equip your 3 starting heros with 2 items each and embark on a quest in the quests tab,Custom,1000,Shop,Spend over 5000 GUM in the shop!,Daily,100,List an item and sell it on the marketplace,List an item and sell it on the marketplace,,,,
Planet Mojo,Planet Mojo,Prasanth,7/7/2023,planetmojo.io,,"Custom Form , CMo Email",Scheduled,,,Yes,12,Available,Raised funds,>10,Using,https://opensea.io/collection/planet-mojo-champion-chests,Unknown,https://polygonscan.com/token/0xd86ba7bd529ee8921ba8d56f970f7c71f04e23be,Polygon,North America,Unknown,,,,,"107,000","20,000",https://www.planetmojo.io/,https://www.youtube.com/watch?v=eTk1TK0N1tg,https://twitter.com/WeArePlanetMojo/status/1682176253195845634,https://discord.com/invite/PlanetMojo,916113259214557224,Daily,100,Play your favorite mojo,In game mark one of your mojos as your favorite mojo and play as the mojo,Custom,250,make season progress,make season progress and unlock a new character ie zerlin the lesser https://www.youtube.com/watch?v=lGVIY-YWP3I 7:14,Custom,500,Make a microtransaction,spend 4.99 at the shop on gemstones or spend 14.99 on a battlepass,Daily,250,on the leaderboard,Appear ranked over 5000 trophies on the fractal leaderboard ,,,,
Untitled Platformer,Untitled Platformer,Prasanth,7/7/2023,NOT FOUND,,Discord Modmail,,,,No,5,Available,No funds raised,2-10,Using,https://untitledplatformer.io/characters/,Using,,SKALE,Oceania,Unknown,,,,,"7,000","5,800",,,,,,,,,,,,,,,,,,,,,,,,,
Rugdollz,Rugdollz,Prasanth,7/7/2023,NOT FOUND,,Discord Ticket,,,,No,4,Available,No funds raised,Unknown,Using,https://opensea.io/collection/officialrugdollz,Using,https://etherscan.io/address/rugdollz.eth,EVM chain,Unknown,Unknown,,,,,"4,500","2,600",,,,,,,,,,,,,,,,,,,,,,,,,
CryptoSpells,CryptoGames,Prasanth,7/7/2023,crypto.games,,Discord DM,,,,Yes,12,Available,No funds raised,>10,Using,https://opensea.io/collection/cryptospells,Using,https://polygonscan.com/token/0xb70b8191f47e82e5d22b0a6224e0f11eb2e276df,Polygon,Asia,Zealy,,,,,"30,200","11,600",https://en.cryptospells.jp/,,,,,Custom,500,Deck Master,Purchaused over 10 NFT cards from https://en.cryptospells.jp/trades,Social,500,Play your cards outside on one of our partners games on either MyCryptoHeroes and cryptospells (one off reward),Play your cards outside on one of our partners games on either MyCryptoHeroes and cryptospells,Social,100,Retweet a post,Retweet a post,Daily,250,Win a game,Win a game,,,,
Gran Saga: Unlimited,Metapixel,Prasanth,7/8/2023,metapixelstudios.com,,Email,,,,Yes,9,Available,Raised funds,>10,Using,https://opensea.io/collection/gran-saga-unlimited-community-test-access-codes,Unknown,,Aptos,Asia,Galxe,,,,,"59,000","67,000",https://metapixel.io/,,,,,Custom,1000,Download the game and reach lvl 25,Download the game and reach lvl 25,Daily,500,Complete a quest from the quest board,Complete a quest from the quest board,Custom,750,Wrecking Ball,Dismantle over 250 items in game,Custom,750,Grab your first mount,Rewarded for getting your first mount (similar to wow),,,,
Abyss World,Metagame Industries,Prasanth,7/8/2023,metagame.industries,,Discord Ticket,,,,Yes,12,Available,Raised funds,>10,Using,https://opensea.io/collection/gazeraw,Using,https://polygonscan.com/token/0x35bbeb19423efa9dfa014c5f7381c865131be376,Polygon,Asia,Zealy,,,,,"179,000","188,000",https://www.abyssworld.games/,,,,,Social,250,Watch the IGN trailer,https://www.youtube.com/watch?v=3gLT2tUkEhY,Daily,500,Kill 25 slaughter demons during our alpha test,Kill 25 slaughter demons during our alpha test,Daily,100,Travel to the dead star,Travel to the dead star,Custom,100,Bring it down!,Kill a angry elephant demon with 2 friends,,,,
Shrapnel,Shrapnel,Prasanth,7/8/2023,shrapnel.com,,Discord Ticket,Scheduled,,,Yes,10,Available,Raised funds,>10,Using,https://opensea.io/collection/shrapnel-operators-collection,Not using,https://avascan.info/blockchain/c/token/0x8b3785CDA614D0F8Bf5a8cF1dfbB3CC4466E58fc,EVM chain,North America,Unknown,,,,,"118,000","90,000",https://www.shrapnel.com/,https://www.youtube.com/watch?v=sesDMSy_THY,https://twitter.com/playSHRAPNEL/status/1669750746491809793,https://discord.com/invite/shrapnel,914932280533843998,Custom,500,a,Play as Assuault/Survivalist/Infosec for 500 games,Custom,250,Collect a SCU,"Rewarded for collecting one of 10,000 Sigma Containment units",Social,50,Watch our gameplay trailer on youtube,rewarded after watching/Sharing our gameplay trailer on youtube https://www.youtube.com/watch?v=KNTVpHT-Xgk,Referral,250,Refer your friend to play,Refer a friend and play 5 matches with them online!,Daily,100,Win a game of shrapnel,
Rezolut,Rezolut,Prasanth,7/9/2023,rezolutebio.com,,Telegram DM or Email,,,,No,7,Not available,No funds raised,Unknown,Not using,,Unknown,,EVM chain,Unknown,Unknown,,,,,"32,000",,,,,,,,,,,,,,,,,,,,,,,,,,
GoldenHills,TokenLands,Prasanth,7/9/2023,tokenlands.io,,Telegram or Discord DM,,,,No,3,Not available,No funds raised,Unknown,Unknown,,Unknown,,Unknown,Unknown,Unknown,,,,,,,,,,,,,,,,,,,,,,,,,,,,,,,
TokenLands,TokenLands,Prasanth,7/9/2023,tokenlands.io,,Telegram or Discord DM,,,,No,6,Not available,No funds raised,Unknown,Using,https://opensea.io/collection/token-land,Using,,WAX,Asia,Unknown,,,,,"17,600","4,200",,,,,,,,,,,,,,,,,,,,,,,,,
Meeet,Meeet,Prasanth,7/9/2023,meeet.jp,,Telegram DM | Discord Ticket,,,,No,9,Available,No funds raised,Unknown,Using,https://opensea.io/collection/meeetnft-bnb,Using,https://bscscan.com/token/0xD31B6796a451bAFA4383A24B2E06a308E8B4914D,BNB,Europe,Galxe,,,,,"65,000","44,500",,,,,,,,,,,,,,,,,,,,,,,,,
StarSharks,StarSharks,Prasanth,7/9/2023,starsharks.com,,Telegram DM | Email,,,,Yes,9,Available,Raised funds,2-10,Using,https://www.binance.com/en-IN/nft/collection/the-starsharks-nfts-591261907363053568?isBack=1,Using,https://bscscan.com/token/0xC3028FbC1742a16A5D69dE1B334cbce28f5d7EB3,BNB,Asia,Galxe,,,,,"102,000","82,650",https://starsharks.com/,,,,,Daily,li,Jaws,Consectutively win 5 times in the PVP arena,Custom,250,Buy a Shark,Buy a shark from the NFT marketplace,Social,50,Watch our Youtube content,https://www.youtube.com/watch?v=x1Sq9KsoxXA,Custom,250,Dispatch sharks,Dispatch your first sharks on their mission in homeland,,,,
Bomb Crypto,Senspark,Prasanth,7/9/2023,senspark.com,,Email,Contacted,,https://dashboard.thx.network/preview/64b50b93c6b19005e72a3623,Yes,9,Available,Raised funds,>10,Using,https://market.bombcrypto.io/,Using,https://bscscan.com/address/0x00e1656e45f18ec6747F5a8496Fd39B50b38396D,BNB,Asia,Unknown,,,,,"175,800","152,126",https://senspark.com/,,,,,Daily,250,Bombs Away,Triggered a chain reaction that destroyed five or more enemies with a single bomb.,Custom,500,Master Blaster,Eliminated 500 opponents in multiplayer battles.,Custom,500,Download the game on Google Play,https://play.google.com/store/apps/details?id=com.senspark.bomber.land.boom.battle.bombgames,Daily,250,Bombtastic Victory,Won a multiplayer match without losing your life,,,,
Ninneko,Ninneko,Prasanth,7/9/2023,ninneko.com,,Form,Contacted,,https://dashboard.thx.network/preview/64b50b7a342c244ba656fd3c,Yes,9,Available,No funds raised,>10,Using,https://opensea.io/NINNEKO,Using,https://bscscan.com/address/0x6cad12b3618a3c7ef1feb6c91fdc3251f58c2a90,BNB,Asia,Unknown,,,,,"83,000","40,500",https://ninneko.com/,,,,,Daily,50,Earth Ninneko warrior,Battle your Ninnekos in the earth village,Custom,500,Join seasonal arena event,reward for participating in the arena event on Twitter https://twitter.com/ninnekogame/status/1638842073578360833,Social,100,Retweet our latest tweet,Rewarded for retweeting our latest pinned announcementhttps://twitter.com/ninnekogame/status/1614236635310460928,Daily,500,Make a purchause at the shop,reward for making a purchause using tokens here https://market.ninneko.com/items,,,,
Legend of Arcadia,Mugen Interactive,Prasanth,7/9/2023,NOT FOUND,,Telegram DM | Discord Ticket,,,,No,9,Available,No funds raised,2-10,Using,https://opensea.io/collection/legend-of-arcadia-badge-nft,Using,,SUI,Asia,Galxe,,,,,"56,500","28,000",,,,,,,,,,,,,,,,,,,,,,,,,
The Dustland,OliveX,Prasanth,7/9/2023,olivex.ai,,Discord Ticket,Contacted,,https://dashboard.thx.network/preview/64b50b6ec6b19005e72a354e,Yes,12,Available,Raised funds,>10,Using,https://opensea.io/collection/the-dustland,Using,https://polygonscan.com/token/0x81382e9693de2afc33f69b70a6c12ca9b3a73f47,Polygon,North America,Unknown,,,,,"30,600","21,400",https://www.thedustland.com/,,,,,Social,250,Watch our trailer,https://www.youtube.com/watch?v=rbyfCWLnWK4,Daily,500,Visit our fitness city,Rewarded for visting our Fitness City in the Sandbox,Social,50,Join Discord,Reward for Joining our Discord,Custom,1000,Run 25kms,Rewarded for overall running 25kms within the app!,,,,
,Azur Interactive Games,Phillip,7/9/2023,NOT FOUND,,Connected on Linkedin,,,,No,9,Available,Raised funds,>10,Unknown,,Unknown,,Unknown,Unknown,Unknown,,,,,10000,10000,,,,,,,,,,,,,,,,,,,,,,,,,
,Now.gg,Phillip,7/9/2023,now.gg,,Sent Invites,,,,No,10,Available,No funds raised,>10,Unknown,,Unknown,,EVM chain,Unknown,Unknown,,,,,10000,10000,,,,,,,,,,,,,,,,,,,,,,,,,
Colonize Mars,Colonize Mars,Phillip,7/9/2023,colonizemars.com,,Connected on Linkedin,,,,No,10,Available,Raised funds,>10,Unknown,,Unknown,,EVM chain,Unknown,Unknown,,,,,10000,10000,,,,,,,,,,,,,,,,,,,,,,,,,
The Bornless,Cathedral Studios,Phillip,7/9/2023,cathedral-studios.com,,Connected on Linkedin and internally discord,,,,No,9,Available,Raised funds,>10,Unknown,,Unknown,,Unknown,Unknown,Unknown,,,,,10000,10000,,,,,,,,,,,,,,,,,,,,,,,,,
black march studios,black march studios,Phillip,7/9/2023,blackmarchstudios.com,,Sent Invites,,,,No,10,Available,No funds raised,>10,Unknown,,Unknown,,EVM chain,Europe,Unknown,,,,,10000,10000,,,,,,,,,,,,,,,,,,,,,,,,,
Tollanworlds,Tollanworlds,Phillip,7/9/2023,NOT FOUND,,Connected on Linkedin,,,,No,6,Available,No funds raised,>10,Unknown,,Unknown,,Unknown,Unknown,Unknown,,,,,10000,,,,,,,,,,,,,,,,,,,,,,,,,,
Junglee Games,Junglee Games,Phillip,7/9/2023,NOT FOUND,,Junglee Games,,,,No,9,Available,Raised funds,>10,Unknown,,Unknown,,Unknown,Unknown,Unknown,,,,,10000,10000,,,,,,,,,,,,,,,,,,,,,,,,,
Galaxysurvivor,Virtual Gaming Studio,Phillip,7/9/2023,NOT FOUND,,Rubbish disqualified,,,,No,3,Available,Unknown,Unknown,Unknown,,Unknown,,Unknown,Unknown,Unknown,,,,,,,,,,,,,,,,,,,,,,,,,,,,,,,
Magic Eden,Magic Eden,Phillip,7/9/2023,magiceden.io,,Sent Invites,,,,No,10,Available,Raised funds,>10,Unknown,,Unknown,,EVM chain,Unknown,Unknown,,,,,10000,10000,,,,,,,,,,,,,,,,,,,,,,,,,
Elemon,Elemon,Prasanth,7/10/2023,elemon.io,,Email | Telegram DM,Contacted,,https://dashboard.thx.network/preview/64b50b60342c244ba656fc32,Yes,9,Available,Raised funds,>10,Using,https://opensea.io/collection/elemon,Using,https://bscscan.com/token/0xE3233fdb23F1c27aB37Bd66A19a1f1762fCf5f3F,BNB,Asia,Unknown,,,,,"195,000","60,000",https://elemon.io/,,,,,Social,100,Watch our latest Youtube video,https://www.youtube.com/watch?v=g6imr7sSrCg,Daily,250,Brave Challenger,Play a ranked match in challenge 2.0,Custom,500,Loyal Companion,Showed unwavering loyalty to your favorite character by playing with them five times!,Daily,250,"Deal over 20,000 DMG in a single attack","Rewarded for dealing over 20,000 damage in a single Elemon's attack",,,,
Ethlas,Ethlas,Prasanth,7/10/2023,ethlas.com,,Discord Ticket,Contacted,,https://dashboard.thx.network/preview/64b50b41c6b19005e72a34ae,Yes,9,Available,Raised funds,>10,Using,https://opensea.io/Ethlas,Using,https://etherscan.io/token/0xEb575C45004bd7B61C6A8D3446a62a05a6Ce18d8,Ethereum,Asia,Galxe,,,,,"61,200","55,485",https://ethlas.com/,,,,,Daily,250,Download battle showdown game on Google Play,https://play.google.com/store/apps/details?id=com.ethlas.battleshowdown.pvp&pli=1,Daily,500,Visit the tree of life and plant a seed ,Rewarded for planting seeds at the seed of life which can be visited at the tree of life,Social,100,Reweet our twitter announement,https://twitter.com/Ethlas_Official/status/1673941812552036356,Daily,500,Get a triple kill in battle showdown,Get a triple kill in battle showdown,,,,
BitHotel,BitHotel,Peter,7/10/2023,bithotel.io,,,,,,,,,,,,,,,,,,,,,,,,,,,,,,,,,,,,,,,,,,,,,,,,
bc game,BC Game,Peter,7/18/2023,bc.game,,,,,,,,,,,,,,,,,,,,,,,,,,,,,,,,,,,,,,,,,,,,,,,,
,Merit Circle,Prasanth,7/27/2023,http://meritcircle.io,Email,,,,,Yes,,Available,Raised Funds,>10,Using,https://opensea.io/collection/edenhorde-official,Using,https://etherscan.io/token/0x949d48eca67b17269629c7194f4b727d4ef9e5d6,Ethereum,Europe,Own Reward System,Post Launch,,,July 2021,106500,"23,170",,,,,,,,,,,,,,,,,,,,,,,,,